"","Date","Open","Close","Gibanje"
"1",2016-07-01,17924.24,17949.37,1
"2",2016-06-30,17712.76,17929.99,1
"3",2016-06-29,17456.02,17694.68,1
"4",2016-06-28,17190.51,17409.72,1
"5",2016-06-27,17355.21,17140.24,0
"6",2016-06-24,17946.63,17400.75,0
"7",2016-06-23,17844.11,18011.07,1
"8",2016-06-22,17832.67,17780.83,0
"9",2016-06-21,17827.33,17829.73,1
"10",2016-06-20,17736.87,17804.87,1
"11",2016-06-17,17733.44,17675.16,0
"12",2016-06-16,17602.23,17733.1,1
"13",2016-06-15,17703.65,17640.17,0
"14",2016-06-14,17710.77,17674.82,0
"15",2016-06-13,17830.5,17732.48,0
"16",2016-06-10,17938.82,17865.34,0
"17",2016-06-09,17969.98,17985.19,1
"18",2016-06-08,17931.91,18005.05,1
"19",2016-06-07,17936.22,17938.28,1
"20",2016-06-06,17825.69,17920.33,1
"21",2016-06-03,17799.8,17807.06,1
"22",2016-06-02,17789.05,17838.56,1
"23",2016-06-01,17754.55,17789.67,1
"24",2016-05-31,17891.5,17787.2,0
"25",2016-05-27,17826.85,17873.22,1
"26",2016-05-26,17859.52,17828.29,0
"27",2016-05-25,17735.09,17851.51,1
"28",2016-05-24,17525.19,17706.05,1
"29",2016-05-23,17507.04,17492.93,0
"30",2016-05-20,17437.32,17500.94,1
"31",2016-05-19,17514.16,17435.4,0
"32",2016-05-18,17501.28,17526.62,1
"33",2016-05-17,17701.46,17529.98,0
"34",2016-05-16,17531.76,17710.71,1
"35",2016-05-13,17711.12,17535.32,0
"36",2016-05-12,17722.01,17720.5,0
"37",2016-05-11,17919.03,17711.12,0
"38",2016-05-10,17726.66,17928.35,1
"39",2016-05-09,17743.85,17705.91,0
"40",2016-05-06,17650.3,17740.63,1
"41",2016-05-05,17664.48,17660.71,0
"42",2016-05-04,17735.02,17651.26,0
"43",2016-05-03,17870.75,17750.91,0
"44",2016-05-02,17783.78,17891.16,1
"45",2016-04-29,17813.09,17773.64,0
"46",2016-04-28,18023.88,17830.76,0
"47",2016-04-27,17996.14,18041.55,1
"48",2016-04-26,17987.38,17990.32,1
"49",2016-04-25,17990.94,17977.24,0
"50",2016-04-22,17985.05,18003.75,1
"51",2016-04-21,18092.84,17982.52,0
"52",2016-04-20,18059.49,18096.27,1
"53",2016-04-19,18012.1,18053.6,1
"54",2016-04-18,17890.2,18004.16,1
"55",2016-04-15,17925.95,17897.46,0
"56",2016-04-14,17912.25,17926.43,1
"57",2016-04-13,17741.66,17908.28,1
"58",2016-04-12,17571.34,17721.25,1
"59",2016-04-11,17586.48,17556.41,0
"60",2016-04-08,17555.39,17576.96,1
"61",2016-04-07,17687.28,17541.96,0
"62",2016-04-06,17605.45,17716.05,1
"63",2016-04-05,17718.03,17603.32,0
"64",2016-04-04,17799.39,17737,0
"65",2016-04-01,17661.74,17792.75,1
"66",2016-03-31,17716.05,17685.09,0
"67",2016-03-30,17652.36,17716.66,1
"68",2016-03-29,17512.58,17633.11,1
"69",2016-03-28,17526.08,17535.39,1
"70",2016-03-24,17485.33,17515.73,1
"71",2016-03-23,17588.81,17502.59,0
"72",2016-03-22,17602.71,17582.57,0
"73",2016-03-21,17589.7,17623.87,1
"74",2016-03-18,17481.49,17602.3,1
"75",2016-03-17,17321.38,17481.49,1
"76",2016-03-16,17249.34,17325.76,1
"77",2016-03-15,17217.15,17251.53,1
"78",2016-03-14,17207.49,17229.13,1
"79",2016-03-11,17014.99,17213.31,1
"80",2016-03-10,17006.05,16995.13,0
"81",2016-03-09,16969.17,17000.36,1
"82",2016-03-08,17050.67,16964.1,0
"83",2016-03-07,16991.29,17073.95,1
"84",2016-03-04,16945,17006.77,1
"85",2016-03-03,16896.17,16943.9,1
"86",2016-03-02,16851.17,16899.32,1
"87",2016-03-01,16545.67,16865.08,1
"88",2016-02-29,16634.15,16516.5,0
"89",2016-02-26,16712.7,16639.97,0
"90",2016-02-25,16504.38,16697.29,1
"91",2016-02-24,16418.84,16484.99,1
"92",2016-02-23,16610.39,16431.78,0
"93",2016-02-22,16417.13,16620.66,1
"94",2016-02-19,16410.96,16391.99,0
"95",2016-02-18,16483.76,16413.43,0
"96",2016-02-17,16217.98,16453.83,1
"97",2016-02-16,16012.39,16196.41,1
"98",2016-02-12,15691.62,15973.84,1
"99",2016-02-11,15897.82,15660.18,0
"100",2016-02-10,16035.61,15914.74,0
"101",2016-02-09,16005.41,16014.38,1
"102",2016-02-08,16147.51,16027.05,0
"103",2016-02-05,16417.95,16204.83,0
"104",2016-02-04,16329.67,16416.58,1
"105",2016-02-03,16186.2,16336.66,1
"106",2016-02-02,16420.21,16153.54,0
"107",2016-02-01,16453.63,16449.18,0
"108",2016-01-29,16090.26,16466.3,1
"109",2016-01-28,15960.28,16069.64,1
"110",2016-01-27,16168.74,15944.46,0
"111",2016-01-26,15893.16,16167.23,1
"112",2016-01-25,16086.46,15885.22,0
"113",2016-01-22,15921.1,16093.51,1
"114",2016-01-21,15768.87,15882.68,1
"115",2016-01-20,15989.45,15766.74,0
"116",2016-01-19,16009.45,16016.02,1
"117",2016-01-15,16354.33,15988.08,0
"118",2016-01-14,16159.01,16379.05,1
"119",2016-01-13,16526.63,16151.41,0
"120",2016-01-12,16419.11,16516.22,1
"121",2016-01-11,16358.71,16398.57,1
"122",2016-01-08,16519.17,16346.45,0
"123",2016-01-07,16888.36,16514.1,0
"124",2016-01-06,17154.83,16906.51,0
"125",2016-01-05,17147.5,17158.66,1
"126",2016-01-04,17405.48,17148.94,0
"127",2015-12-31,17590.66,17425.03,0
"128",2015-12-30,17711.94,17603.87,0
"129",2015-12-29,17547.37,17720.98,1
"130",2015-12-28,17535.66,17528.27,0
"131",2015-12-24,17593.26,17552.17,0
"132",2015-12-23,17427.63,17602.61,1
"133",2015-12-22,17253.55,17417.27,1
"134",2015-12-21,17154.94,17251.62,1
"135",2015-12-18,17495.04,17128.55,0
"136",2015-12-17,17756.54,17495.84,0
"137",2015-12-16,17530.85,17749.09,1
"138",2015-12-15,17374.78,17524.91,1
"139",2015-12-14,17277.11,17368.5,1
"140",2015-12-11,17574.75,17265.21,0
"141",2015-12-10,17493.17,17574.75,1
"142",2015-12-09,17558.18,17492.3,0
"143",2015-12-08,17703.99,17568,0
"144",2015-12-07,17845.49,17730.51,0
"145",2015-12-04,17482.68,17847.63,1
"146",2015-12-03,17741.57,17477.67,0
"147",2015-12-02,17883.14,17729.68,0
"148",2015-12-01,17719.72,17888.35,1
"149",2015-11-30,17802.84,17719.92,0
"150",2015-11-27,17806.04,17798.49,0
"151",2015-11-25,17820.81,17813.39,0
"152",2015-11-24,17770.9,17812.19,1
"153",2015-11-23,17823.61,17792.68,0
"154",2015-11-20,17732.75,17823.81,1
"155",2015-11-19,17739.83,17732.75,0
"156",2015-11-18,17485.49,17737.16,1
"157",2015-11-17,17486.99,17489.5,1
"158",2015-11-16,17229.94,17483.01,1
"159",2015-11-13,17439.25,17245.24,0
"160",2015-11-12,17691.93,17448.07,0
"161",2015-11-11,17769.5,17702.22,0
"162",2015-11-10,17724.13,17758.21,1
"163",2015-11-09,17900.78,17730.48,0
"164",2015-11-06,17855.22,17910.33,1
"165",2015-11-05,17871.25,17863.43,0
"166",2015-11-04,17929.58,17867.58,0
"167",2015-11-03,17819.74,17918.15,1
"168",2015-11-02,17672.62,17828.76,1
"169",2015-10-30,17756.6,17663.54,0
"170",2015-10-29,17771.5,17755.8,0
"171",2015-10-28,17586.69,17779.52,1
"172",2015-10-27,17608.89,17581.43,0
"173",2015-10-26,17649.57,17623.05,0
"174",2015-10-23,17525.11,17646.7,1
"175",2015-10-22,17180.88,17489.16,1
"176",2015-10-21,17225.93,17168.61,0
"177",2015-10-20,17228.47,17217.11,0
"178",2015-10-19,17209.43,17230.54,1
"179",2015-10-16,17141.75,17215.97,1
"180",2015-10-15,16944.86,17141.75,1
"181",2015-10-14,17079.08,16924.75,0
"182",2015-10-13,17113.55,17081.89,0
"183",2015-10-12,17082.29,17131.86,1
"184",2015-10-09,17054.69,17084.49,1
"185",2015-10-08,16904.17,17050.75,1
"186",2015-10-07,16805.42,16912.29,1
"187",2015-10-06,16774.02,16790.19,1
"188",2015-10-05,16502.1,16776.43,1
"189",2015-10-02,16258.25,16472.37,1
"190",2015-10-01,16278.62,16272.01,0
"191",2015-09-30,16057.08,16284.7,1
"192",2015-09-29,16001.76,16049.13,1
"193",2015-09-28,16313.26,16001.89,0
"194",2015-09-25,16205.07,16314.67,1
"195",2015-09-24,16257.11,16201.32,0
"196",2015-09-23,16332.81,16279.89,0
"197",2015-09-22,16477.45,16330.47,0
"198",2015-09-21,16406.1,16510.19,1
"199",2015-09-18,16674.74,16384.79,0
"200",2015-09-17,16738.08,16674.74,0
"201",2015-09-16,16599.51,16739.95,1
"202",2015-09-15,16382.58,16599.85,1
"203",2015-09-14,16450.86,16370.96,0
"204",2015-09-11,16330.4,16433.09,1
"205",2015-09-10,16252.57,16330.4,1
"206",2015-09-09,16505.04,16253.57,0
"207",2015-09-08,16109.93,16492.68,1
"208",2015-09-04,16371.76,16102.38,0
"209",2015-09-03,16364.34,16374.76,1
"210",2015-09-02,16058.35,16351.38,1
"211",2015-09-01,16528.03,16058.35,0
"212",2015-08-31,16632.02,16528.03,0
"213",2015-08-28,16649.42,16643.01,0
"214",2015-08-27,16285.51,16654.77,1
"215",2015-08-26,15676.26,16285.51,1
"216",2015-08-25,15882.27,15666.44,0
"217",2015-08-24,16459.75,15871.28,0
"218",2015-08-21,16990.69,16459.75,0
"219",2015-08-20,17345.32,16990.69,0
"220",2015-08-19,17508.74,17348.73,0
"221",2015-08-18,17537.3,17511.34,0
"222",2015-08-17,17472.66,17545.18,1
"223",2015-08-14,17410.12,17477.4,1
"224",2015-08-13,17401.64,17408.25,1
"225",2015-08-12,17382.93,17402.51,1
"226",2015-08-11,17593.59,17402.84,0
"227",2015-08-10,17375.18,17615.17,1
"228",2015-08-07,17414.94,17373.38,0
"229",2015-08-06,17542.61,17419.75,0
"230",2015-08-05,17555.24,17540.47,0
"231",2015-08-04,17596.93,17550.69,0
"232",2015-08-03,17696.74,17598.2,0
"233",2015-07-31,17755.87,17689.86,0
"234",2015-07-30,17743.24,17745.98,1
"235",2015-07-29,17631.4,17751.39,1
"236",2015-07-28,17449.81,17630.27,1
"237",2015-07-27,17561.78,17440.59,0
"238",2015-07-24,17731.05,17568.53,0
"239",2015-07-23,17853.78,17731.92,0
"240",2015-07-22,17918.35,17851.04,0
"241",2015-07-21,18096.67,17919.29,0
"242",2015-07-20,18085.91,18100.41,1
"243",2015-07-17,18117.58,18086.45,0
"244",2015-07-16,18078.16,18120.25,1
"245",2015-07-15,18053.38,18050.17,0
"246",2015-07-14,17974.61,18053.58,1
"247",2015-07-13,17787.27,17977.68,1
"248",2015-07-10,17561.12,17760.41,1
"249",2015-07-09,17530.38,17548.62,1
"250",2015-07-08,17759.01,17515.42,0
"251",2015-07-07,17684.92,17776.91,1
"252",2015-07-06,17728.08,17683.58,0
"253",2015-07-02,17763.32,17730.11,0
"254",2015-07-01,17638.12,17757.91,1
"255",2015-06-30,17599.96,17619.51,1
"256",2015-06-29,17936.74,17596.35,0
"257",2015-06-26,17892.03,17946.68,1
"258",2015-06-25,17977.11,17890.36,0
"259",2015-06-24,18139.1,17966.07,0
"260",2015-06-23,18121.78,18144.07,1
"261",2015-06-22,18027.63,18119.78,1
"262",2015-06-19,18116.24,18015.95,0
"263",2015-06-18,17944.61,18115.84,1
"264",2015-06-17,17909.58,17935.74,1
"265",2015-06-16,17787.43,17904.48,1
"266",2015-06-15,17890.76,17791.17,0
"267",2015-06-12,18035.83,17898.84,0
"268",2015-06-11,18001.27,18039.37,1
"269",2015-06-10,17765.38,18000.4,1
"270",2015-06-09,17766.95,17764.04,0
"271",2015-06-08,17849.46,17766.55,0
"272",2015-06-05,17905.38,17849.46,0
"273",2015-06-04,18072.47,17905.58,0
"274",2015-06-03,18018.42,18076.27,1
"275",2015-06-02,18033.33,18011.94,0
"276",2015-06-01,18017.82,18040.37,1
"277",2015-05-29,18128.12,18010.68,0
"278",2015-05-28,18154.14,18126.12,0
"279",2015-05-27,18045.08,18162.99,1
"280",2015-05-26,18229.75,18041.54,0
"281",2015-05-22,18286.87,18232.02,0
"282",2015-05-21,18285.87,18285.74,0
"283",2015-05-20,18315.06,18285.4,0
"284",2015-05-19,18300.48,18312.39,1
"285",2015-05-18,18267.25,18298.88,1
"286",2015-05-15,18251.97,18272.56,1
"287",2015-05-14,18062.49,18252.24,1
"288",2015-05-13,18070.37,18060.49,0
"289",2015-05-12,18096.16,18068.23,0
"290",2015-05-11,18187.78,18105.17,0
"291",2015-05-08,17933.64,18191.11,1
"292",2015-05-07,17840.25,17924.06,1
"293",2015-05-06,17934.81,17841.98,0
"294",2015-05-05,18062.53,17928.2,0
"295",2015-05-04,18026.02,18070.4,1
"296",2015-05-01,17859.27,18024.06,1
"297",2015-04-30,18033.33,17840.52,0
"298",2015-04-29,18093.69,18035.53,0
"299",2015-04-28,18035.9,18110.14,1
"300",2015-04-27,18097.89,18037.97,0
"301",2015-04-24,18056.42,18080.14,1
"302",2015-04-23,18031.9,18058.69,1
"303",2015-04-22,17950.82,18038.27,1
"304",2015-04-21,18034.23,17949.59,0
"305",2015-04-20,17841.18,18034.93,1
"306",2015-04-17,18102.56,17826.3,0
"307",2015-04-16,18106.27,18105.77,0
"308",2015-04-15,18045.71,18112.61,1
"309",2015-04-14,17979.11,18036.7,1
"310",2015-04-13,18052.32,17977.04,0
"311",2015-04-10,17956.73,18057.65,1
"312",2015-04-09,17897.7,17958.73,1
"313",2015-04-08,17877.62,17902.51,1
"314",2015-04-07,17884.32,17875.42,0
"315",2015-04-06,17755.5,17880.85,1
"316",2015-04-02,17699.52,17763.24,1
"317",2015-04-01,17778.52,17698.18,0
"318",2015-03-31,17965.37,17776.12,0
"319",2015-03-30,17727.48,17976.31,1
"320",2015-03-27,17673.63,17712.66,1
"321",2015-03-26,17716.27,17678.23,0
"322",2015-03-25,18012.61,17718.54,0
"323",2015-03-24,18110.87,18011.14,0
"324",2015-03-23,18136.73,18116.04,0
"325",2015-03-20,17961.13,18127.65,1
"326",2015-03-19,18072.58,17959.03,0
"327",2015-03-18,17846.8,18076.19,1
"328",2015-03-17,17972.22,17849.08,0
"329",2015-03-16,17751.24,17977.42,1
"330",2015-03-13,17889.05,17749.31,0
"331",2015-03-12,17626.84,17895.22,1
"332",2015-03-11,17662.94,17635.39,0
"333",2015-03-10,17989.56,17662.94,0
"334",2015-03-09,17856.56,17995.72,1
"335",2015-03-06,18135.72,17856.78,0
"336",2015-03-05,18096.9,18135.72,1
"337",2015-03-04,18203.37,18096.9,0
"338",2015-03-03,18281.95,18203.37,0
"339",2015-03-02,18134.05,18288.63,1
"340",2015-02-27,18213.26,18132.7,0
"341",2015-02-26,18224.41,18214.42,0
"342",2015-02-25,18208.67,18224.57,1
"343",2015-02-24,18112.57,18209.19,1
"344",2015-02-23,18140.76,18116.84,0
"345",2015-02-20,17985.77,18140.44,1
"346",2015-02-19,18028.67,17985.77,0
"347",2015-02-18,18045.72,18029.85,0
"348",2015-02-17,18019.8,18047.58,1
"349",2015-02-13,17968.65,18019.35,1
"350",2015-02-12,17862.14,17972.38,1
"351",2015-02-11,17867.86,17862.14,0
"352",2015-02-10,17736.15,17868.76,1
"353",2015-02-09,17821.49,17729.21,0
"354",2015-02-06,17881.54,17824.29,0
"355",2015-02-05,17677.26,17884.88,1
"356",2015-02-04,17664.99,17673.02,1
"357",2015-02-03,17369.97,17666.4,1
"358",2015-02-02,17169.99,17361.04,1
"359",2015-01-30,17416.85,17164.95,0
"360",2015-01-29,17195.29,17416.85,1
"361",2015-01-28,17402.91,17191.37,0
"362",2015-01-27,17638.53,17387.21,0
"363",2015-01-26,17668.11,17678.7,1
"364",2015-01-23,17812.5,17672.6,0
"365",2015-01-22,17557.29,17813.98,1
"366",2015-01-21,17509.96,17554.28,1
"367",2015-01-20,17516.96,17515.23,0
"368",2015-01-16,17320,17511.57,1
"369",2015-01-15,17436.3,17320.71,0
"370",2015-01-14,17609.06,17427.09,0
"371",2015-01-13,17645.02,17613.68,0
"372",2015-01-12,17742.05,17640.84,0
"373",2015-01-09,17911.02,17737.37,0
"374",2015-01-08,17591.97,17907.87,1
"375",2015-01-07,17374.78,17584.52,1
"376",2015-01-06,17504.18,17371.64,0
"377",2015-01-05,17821.3,17501.65,0
"378",2015-01-02,17823.07,17832.99,1
"379",2014-12-31,17987.66,17823.07,0
"380",2014-12-30,18035.02,17983.07,0
"381",2014-12-29,18046.58,18038.23,0
"382",2014-12-26,18038.3,18053.71,1
"383",2014-12-24,18035.73,18030.21,0
"384",2014-12-23,17971.51,18024.17,1
"385",2014-12-22,17812.25,17959.44,1
"386",2014-12-19,17778.02,17804.8,1
"387",2014-12-18,17367.85,17778.15,1
"388",2014-12-17,17069.16,17356.87,1
"389",2014-12-16,17173.07,17068.87,0
"390",2014-12-15,17285.74,17180.84,0
"391",2014-12-12,17590.05,17280.83,0
"392",2014-12-11,17534.3,17596.34,1
"393",2014-12-10,17797.99,17533.15,0
"394",2014-12-09,17847.37,17801.2,0
"395",2014-12-08,17954.94,17852.48,0
"396",2014-12-05,17903.05,17958.79,1
"397",2014-12-04,17910.02,17900.1,0
"398",2014-12-03,17880.9,17912.62,1
"399",2014-12-02,17778.85,17879.55,1
"400",2014-12-01,17827.27,17776.8,0
"401",2014-11-28,17830.55,17828.24,0
"402",2014-11-26,17812.25,17827.75,1
"403",2014-11-25,17819.05,17814.94,0
"404",2014-11-24,17812.63,17817.9,1
"405",2014-11-21,17721.02,17810.06,1
"406",2014-11-20,17677.32,17719,1
"407",2014-11-19,17685.51,17685.73,1
"408",2014-11-18,17643.09,17687.82,1
"409",2014-11-17,17631.85,17647.75,1
"410",2014-11-14,17653.11,17634.74,0
"411",2014-11-13,17618.69,17652.79,1
"412",2014-11-12,17604.75,17612.2,1
"413",2014-11-11,17615.64,17614.9,0
"414",2014-11-10,17568.98,17613.74,1
"415",2014-11-07,17558.58,17573.93,1
"416",2014-11-06,17491.66,17554.47,1
"417",2014-11-05,17385.76,17484.53,1
"418",2014-11-04,17368.81,17383.84,1
"419",2014-11-03,17390.9,17366.24,0
"420",2014-10-31,17208.78,17390.52,1
"421",2014-10-30,16968.14,17195.42,1
"422",2014-10-29,17005.07,16974.31,0
"423",2014-10-28,16825.19,17005.75,1
"424",2014-10-27,16796.1,16817.94,1
"425",2014-10-24,16677.04,16805.41,1
"426",2014-10-23,16468.07,16677.9,1
"427",2014-10-22,16615.26,16461.32,0
"428",2014-10-21,16406.03,16614.81,1
"429",2014-10-20,16373.15,16399.67,1
"430",2014-10-17,16118.39,16380.41,1
"431",2014-10-16,16137.14,16117.24,0
"432",2014-10-15,16313.3,16141.74,0
"433",2014-10-14,16321.9,16315.19,0
"434",2014-10-13,16535.43,16321.07,0
"435",2014-10-10,16654.88,16544.1,0
"436",2014-10-09,16989.37,16659.25,0
"437",2014-10-08,16718.65,16994.22,1
"438",2014-10-07,16988.25,16719.39,0
"439",2014-10-06,17010.34,16991.91,0
"440",2014-10-03,16802.2,17009.69,1
"441",2014-10-02,16808.27,16801.05,0
"442",2014-10-01,17040.46,16804.71,0
"443",2014-09-30,17070.45,17042.9,0
"444",2014-09-29,17107.69,17071.22,0
"445",2014-09-26,16948.62,17113.15,1
"446",2014-09-25,17204.86,16945.8,0
"447",2014-09-24,17056.64,17210.06,1
"448",2014-09-23,17165.91,17055.87,0
"449",2014-09-22,17271.71,17172.68,0
"450",2014-09-19,17267.21,17279.74,1
"451",2014-09-18,17163.73,17265.99,1
"452",2014-09-17,17131.01,17156.85,1
"453",2014-09-16,17027.16,17131.97,1
"454",2014-09-15,16988.76,17031.14,1
"455",2014-09-12,17044.05,16987.51,0
"456",2014-09-11,17057.41,17049,0
"457",2014-09-10,17016.05,17068.71,1
"458",2014-09-09,17110.39,17013.87,0
"459",2014-09-08,17131.71,17111.42,0
"460",2014-09-05,17065.89,17137.36,1
"461",2014-09-04,17083.61,17069.58,0
"462",2014-09-03,17067.24,17078.28,1
"463",2014-09-02,17097.42,17067.56,0
"464",2014-08-29,17083.42,17098.45,1
"465",2014-08-28,17119.06,17079.57,0
"466",2014-08-27,17111.03,17122.01,1
"467",2014-08-26,17079.57,17106.7,1
"468",2014-08-25,17011.81,17076.87,1
"469",2014-08-22,17038.27,17001.22,0
"470",2014-08-21,16983.88,17039.49,1
"471",2014-08-20,16910.03,16979.13,1
"472",2014-08-19,16839.06,16919.59,1
"473",2014-08-18,16664.45,16838.74,1
"474",2014-08-15,16717.01,16662.91,0
"475",2014-08-14,16657.32,16713.58,1
"476",2014-08-13,16567.54,16651.8,1
"477",2014-08-12,16565.55,16560.54,0
"478",2014-08-11,16557.27,16569.98,1
"479",2014-08-08,16369.68,16553.93,1
"480",2014-08-07,16448.29,16368.27,0
"481",2014-08-06,16425.1,16443.34,1
"482",2014-08-05,16559.97,16429.47,0
"483",2014-08-04,16493.72,16569.28,1
"484",2014-08-01,16561.7,16493.37,0
"485",2014-07-31,16869.63,16563.3,0
"486",2014-07-30,16920.11,16880.36,0
"487",2014-07-29,16984.33,16912.11,0
"488",2014-07-28,16956.91,16982.59,1
"489",2014-07-25,17079.5,16960.57,0
"490",2014-07-24,17092.02,17083.8,0
"491",2014-07-23,17117.01,17086.63,0
"492",2014-07-22,17054.97,17113.54,1
"493",2014-07-21,17095.11,17051.73,0
"494",2014-07-18,16978.16,17100.18,1
"495",2014-07-17,17133.45,16976.81,0
"496",2014-07-16,17061.91,17138.2,1
"497",2014-07-15,17055.03,17060.68,1
"498",2014-07-14,16950.93,17055.42,1
"499",2014-07-11,16918.31,16943.81,1
"500",2014-07-10,16980.35,16915.07,0
"501",2014-07-09,16916.83,16985.61,1
"502",2014-07-08,17022.09,16906.62,0
"503",2014-07-07,17063.83,17024.21,0
"504",2014-07-03,16979,17068.26,1
"505",2014-07-02,16949.71,16976.24,1
"506",2014-07-01,16828.53,16956.07,1
"507",2014-06-30,16852.49,16826.6,0
"508",2014-06-27,16846.9,16851.84,1
"509",2014-06-26,16866.81,16846.13,0
"510",2014-06-25,16817.68,16867.51,1
"511",2014-06-24,16934.62,16818.13,0
"512",2014-06-23,16946.5,16937.26,0
"513",2014-06-20,16920.62,16947.08,1
"514",2014-06-19,16909.9,16921.46,1
"515",2014-06-18,16806.12,16906.62,1
"516",2014-06-17,16779.21,16808.49,1
"517",2014-06-16,16765.56,16781.01,1
"518",2014-06-13,16734.64,16775.74,1
"519",2014-06-12,16840.48,16734.19,0
"520",2014-06-11,16943.16,16843.88,0
"521",2014-06-10,16940.4,16945.92,1
"522",2014-06-09,16926.08,16943.1,1
"523",2014-06-06,16839.64,16924.28,1
"524",2014-06-05,16739.14,16836.11,1
"525",2014-06-04,16720,16737.53,1
"526",2014-06-03,16736.7,16722.34,0
"527",2014-06-02,16716.85,16743.63,1
"528",2014-05-30,16697.33,16717.17,1
"529",2014-05-29,16637.74,16698.74,1
"530",2014-05-28,16674.98,16633.18,0
"531",2014-05-27,16607.42,16675.5,1
"532",2014-05-23,16544.49,16606.27,1
"533",2014-05-22,16532.74,16543.08,1
"534",2014-05-21,16376.17,16533.06,1
"535",2014-05-20,16511.22,16374.31,0
"536",2014-05-19,16490.35,16511.86,1
"537",2014-05-16,16447.32,16491.31,1
"538",2014-05-15,16613.52,16446.81,0
"539",2014-05-14,16716.08,16613.97,0
"540",2014-05-13,16695.92,16715.44,1
"541",2014-05-12,16584.82,16695.47,1
"542",2014-05-09,16551.23,16583.34,1
"543",2014-05-08,16518.16,16550.97,1
"544",2014-05-07,16401.66,16518.54,1
"545",2014-05-06,16529.85,16401.02,0
"546",2014-05-05,16509.75,16530.55,1
"547",2014-05-02,16562.34,16512.89,0
"548",2014-05-01,16580.26,16558.87,0
"549",2014-04-30,16534.86,16580.84,1
"550",2014-04-29,16451.18,16535.37,1
"551",2014-04-28,16363.2,16448.74,1
"552",2014-04-25,16503.26,16361.46,0
"553",2014-04-24,16503.39,16501.65,0
"554",2014-04-23,16513.73,16501.65,0
"555",2014-04-22,16449.38,16514.37,1
"556",2014-04-21,16408.92,16449.25,1
"557",2014-04-17,16424.14,16408.54,0
"558",2014-04-16,16266.23,16424.85,1
"559",2014-04-15,16173.49,16262.56,1
"560",2014-04-14,16028.29,16173.24,1
"561",2014-04-11,16168.87,16026.75,0
"562",2014-04-10,16437.24,16170.22,0
"563",2014-04-09,16256.37,16437.18,1
"564",2014-04-08,16245.16,16256.14,1
"565",2014-04-07,16414.15,16245.87,0
"566",2014-04-04,16576.02,16412.71,0
"567",2014-04-03,16572.36,16572.55,1
"568",2014-04-02,16532.8,16573,1
"569",2014-04-01,16458.05,16532.61,1
"570",2014-03-31,16324.22,16457.66,1
"571",2014-03-28,16267.77,16323.06,1
"572",2014-03-27,16268.67,16264.23,0
"573",2014-03-26,16370.71,16268.99,0
"574",2014-03-25,16279.2,16367.88,1
"575",2014-03-24,16303.28,16276.69,0
"576",2014-03-21,16332.69,16302.77,0
"577",2014-03-20,16221.98,16331.05,1
"578",2014-03-19,16335.71,16222.17,0
"579",2014-03-18,16245.93,16336.19,1
"580",2014-03-17,16066.37,16247.22,1
"581",2014-03-14,16106.32,16065.67,0
"582",2014-03-13,16341.55,16108.89,0
"583",2014-03-12,16350.67,16340.08,0
"584",2014-03-11,16419.39,16351.25,0
"585",2014-03-10,16453.1,16418.68,0
"586",2014-03-07,16424.53,16452.72,1
"587",2014-03-06,16360.56,16421.89,1
"588",2014-03-05,16395.88,16360.18,0
"589",2014-03-04,16169.32,16395.88,1
"590",2014-03-03,16321.71,16168.03,0
"591",2014-02-28,16273.23,16321.71,1
"592",2014-02-27,16197.7,16272.65,1
"593",2014-02-26,16180.36,16198.41,1
"594",2014-02-25,16207.34,16179.66,0
"595",2014-02-24,16102.27,16207.14,1
"596",2014-02-21,16135.92,16103.3,0
"597",2014-02-20,16044.15,16133.23,1
"598",2014-02-19,16126.23,16040.56,0
"599",2014-02-18,16153.97,16130.4,0
"600",2014-02-14,16018.08,16154.39,1
"601",2014-02-13,15946.99,16027.59,1
"602",2014-02-12,15993.04,15963.94,0
"603",2014-02-11,15804.17,15994.77,1
"604",2014-02-10,15793.63,15801.79,1
"605",2014-02-07,15630.64,15794.08,1
"606",2014-02-06,15443.83,15628.53,1
"607",2014-02-05,15443,15440.23,0
"608",2014-02-04,15372.93,15445.24,1
"609",2014-02-03,15697.69,15372.8,0
"610",2014-01-31,15847.19,15698.85,0
"611",2014-01-30,15743.03,15848.61,1
"612",2014-01-29,15927.08,15738.79,0
"613",2014-01-28,15840.84,15928.56,1
"614",2014-01-27,15879.05,15837.88,0
"615",2014-01-24,16203.29,15879.11,0
"616",2014-01-23,16371.99,16197.35,0
"617",2014-01-22,16420.48,16373.34,0
"618",2014-01-21,16459.27,16414.44,0
"619",2014-01-17,16408.02,16458.56,1
"620",2014-01-16,16477.7,16417.01,0
"621",2014-01-15,16378.03,16481.94,1
"622",2014-01-14,16261.99,16373.86,1
"623",2014-01-13,16434.03,16257.94,0
"624",2014-01-10,16453.62,16437.05,0
"625",2014-01-09,16471.41,16444.76,0
"626",2014-01-08,16527.66,16462.74,0
"627",2014-01-07,16429.02,16530.94,1
"628",2014-01-06,16474.04,16425.1,0
"629",2014-01-03,16456.89,16469.99,1
"630",2014-01-02,16572.17,16441.35,0
"631",2013-12-31,16512.38,16576.66,1
"632",2013-12-30,16484.51,16504.29,1
"633",2013-12-27,16486.37,16478.41,0
"634",2013-12-26,16370.97,16479.88,1
"635",2013-12-24,16295.7,16357.55,1
"636",2013-12-23,16225.25,16294.61,1
"637",2013-12-20,16178.57,16221.14,1
"638",2013-12-19,16162.51,16179.08,1
"639",2013-12-18,15876.57,16167.97,1
"640",2013-12-17,15884.06,15875.26,0
"641",2013-12-16,15759.6,15884.57,1
"642",2013-12-13,15745.66,15755.36,1
"643",2013-12-12,15844.82,15739.43,0
"644",2013-12-11,15970.75,15843.53,0
"645",2013-12-10,16024.12,15973.13,0
"646",2013-12-09,16019.49,16025.53,1
"647",2013-12-06,15825.55,16020.2,1
"648",2013-12-05,15886.5,15821.51,0
"649",2013-12-04,15910.51,15889.77,0
"650",2013-12-03,16004.72,15914.62,0
"651",2013-12-02,16087.12,16008.77,0
"652",2013-11-29,16105.16,16086.41,0
"653",2013-11-27,16073.37,16097.33,1
"654",2013-11-26,16070.93,16072.8,1
"655",2013-11-25,16072.09,16072.54,1
"656",2013-11-22,16008.71,16064.77,1
"657",2013-11-21,15908.07,16009.99,1
"658",2013-11-20,15971.2,15900.82,0
"659",2013-11-19,15974.06,15967.03,0
"660",2013-11-18,15962.72,15976.02,1
"661",2013-11-15,15876.16,15961.7,1
"662",2013-11-14,15806.22,15876.22,1
"663",2013-11-13,15739.5,15821.63,1
"664",2013-11-12,15773.15,15750.67,0
"665",2013-11-11,15759.28,15783.1,1
"666",2013-11-08,15591.54,15761.78,1
"667",2013-11-07,15751.31,15593.98,0
"668",2013-11-06,15628.72,15746.88,1
"669",2013-11-05,15631.22,15618.22,0
"670",2013-11-04,15621.2,15639.12,1
"671",2013-11-01,15558.01,15615.55,1
"672",2013-10-31,15619.92,15545.75,0
"673",2013-10-30,15680.74,15618.76,0
"674",2013-10-29,15572.21,15680.35,1
"675",2013-10-28,15569.19,15568.93,0
"676",2013-10-25,15523.72,15570.28,1
"677",2013-10-24,15414.87,15509.21,1
"678",2013-10-23,15465.34,15413.33,0
"679",2013-10-22,15394.22,15467.66,1
"680",2013-10-21,15401.32,15392.2,0
"681",2013-10-18,15371.71,15399.65,1
"682",2013-10-17,15369.46,15371.65,1
"683",2013-10-16,15170.7,15373.83,1
"684",2013-10-15,15300.3,15168.01,0
"685",2013-10-14,15231.33,15301.26,1
"686",2013-10-11,15126.52,15237.11,1
"687",2013-10-10,14806.39,15126.07,1
"688",2013-10-09,14778.19,14802.98,1
"689",2013-10-08,14938.04,14776.53,0
"690",2013-10-07,15069.3,14936.24,0
"691",2013-10-04,14994.68,15072.58,1
"692",2013-10-03,15127.23,14996.48,0
"693",2013-10-02,15182.65,15133.14,0
"694",2013-10-01,15132.49,15191.7,1
"695",2013-09-30,15249.82,15129.67,0
"696",2013-09-27,15317.45,15258.24,0
"697",2013-09-26,15274.42,15328.3,1
"698",2013-09-25,15339.02,15273.26,0
"699",2013-09-24,15402.54,15334.59,0
"700",2013-09-23,15452.31,15401.38,0
"701",2013-09-20,15635.09,15451.09,0
"702",2013-09-19,15677.86,15636.55,0
"703",2013-09-18,15533.03,15676.94,1
"704",2013-09-17,15503.15,15529.73,1
"705",2013-09-16,15381.36,15494.78,1
"706",2013-09-13,15312.86,15376.06,1
"707",2013-09-12,15327.14,15300.64,0
"708",2013-09-11,15194.13,15326.6,1
"709",2013-09-10,15067.23,15191.06,1
"710",2013-09-09,14927.19,15063.12,1
"711",2013-09-06,14941.55,14922.5,0
"712",2013-09-05,14929.49,14937.48,1
"713",2013-09-04,14832.42,14930.87,1
"714",2013-09-03,14801.55,14833.96,1
"715",2013-08-30,14844.1,14810.31,0
"716",2013-08-29,14817.91,14840.95,1
"717",2013-08-28,14770.99,14824.51,1
"718",2013-08-27,14939.25,14776.13,0
"719",2013-08-26,15014.58,14946.46,0
"720",2013-08-23,14988.78,15010.51,1
"721",2013-08-22,14908.6,14963.74,1
"722",2013-08-21,14993.81,14897.55,0
"723",2013-08-20,15011.82,15002.99,0
"724",2013-08-19,15076.79,15010.74,0
"725",2013-08-16,15112.57,15081.47,0
"726",2013-08-15,15332.71,15112.19,0
"727",2013-08-14,15447.71,15337.66,0
"728",2013-08-13,15420.68,15451.01,1
"729",2013-08-12,15415.22,15419.68,1
"730",2013-08-09,15496.63,15425.51,0
"731",2013-08-08,15477.27,15498.32,1
"732",2013-08-07,15516.21,15470.67,0
"733",2013-08-06,15608.44,15518.74,0
"734",2013-08-05,15651.98,15612.13,0
"735",2013-08-02,15627.56,15658.36,1
"736",2013-08-01,15503.85,15628.02,1
"737",2013-07-31,15528.57,15499.54,0
"738",2013-07-30,15534.49,15520.59,0
"739",2013-07-29,15557.14,15521.97,0
"740",2013-07-26,15547.85,15558.83,1
"741",2013-07-25,15539.17,15555.61,1
"742",2013-07-24,15576.69,15542.24,0
"743",2013-07-23,15547,15567.74,1
"744",2013-07-22,15543.97,15545.55,1
"745",2013-07-19,15524.27,15543.74,1
"746",2013-07-18,15465.91,15548.54,1
"747",2013-07-17,15456.92,15470.52,1
"748",2013-07-16,15485.03,15451.85,0
"749",2013-07-15,15459.69,15484.26,1
"750",2013-07-12,15460.69,15464.3,1
"751",2013-07-11,15298,15460.92,1
"752",2013-07-10,15298.03,15291.66,0
"753",2013-07-09,15228.46,15300.34,1
"754",2013-07-08,15137.22,15224.69,1
"755",2013-07-05,14995.46,15135.84,1
"756",2013-07-03,14923.73,14988.55,1
"757",2013-07-02,14973.04,14932.41,0
"758",2013-07-01,14911.6,14974.96,1
"759",2013-06-28,15016.58,14909.6,0
"760",2013-06-27,14921.28,15024.49,1
"761",2013-06-26,14769.99,14910.14,1
"762",2013-06-25,14669.69,14760.31,1
"763",2013-06-24,14795.79,14659.56,0
"764",2013-06-21,14760.62,14799.4,1
"765",2013-06-20,15105.51,14758.32,0
"766",2013-06-19,15315.47,15112.19,0
"767",2013-06-18,15186.3,15318.23,1
"768",2013-06-17,15078.71,15179.85,1
"769",2013-06-14,15178.08,15070.18,0
"770",2013-06-13,14992.54,15176.08,1
"771",2013-06-12,15130.39,14995.23,0
"772",2013-06-11,15231.38,15122.02,0
"773",2013-06-10,15247.81,15238.59,0
"774",2013-06-07,15044.46,15248.12,1
"775",2013-06-06,14955.45,15040.62,1
"776",2013-06-05,15168.1,14960.59,0
"777",2013-06-04,15255.22,15177.54,0
"778",2013-06-03,15123.55,15254.03,1
"779",2013-05-31,15322.22,15115.57,0
"780",2013-05-30,15306.02,15324.53,1
"781",2013-05-29,15399.94,15302.8,0
"782",2013-05-28,15307.33,15409.39,1
"783",2013-05-24,15290.74,15303.1,1
"784",2013-05-23,15300.57,15294.5,0
"785",2013-05-22,15387.12,15307.17,0
"786",2013-05-21,15334.97,15387.58,1
"787",2013-05-20,15348.33,15335.28,0
"788",2013-05-17,15234.75,15354.4,1
"789",2013-05-16,15273.92,15233.22,0
"790",2013-05-15,15211.87,15275.69,1
"791",2013-05-14,15092.15,15215.25,1
"792",2013-05-13,15113.42,15091.68,0
"793",2013-05-10,15082.62,15118.49,1
"794",2013-05-09,15105.12,15082.62,0
"795",2013-05-08,15056.2,15105.12,1
"796",2013-05-07,14968.89,15056.2,1
"797",2013-05-06,14973.96,14968.89,0
"798",2013-05-03,14831.58,14973.96,1
"799",2013-05-02,14700.95,14831.58,1
"800",2013-05-01,14839.8,14700.95,0
"801",2013-04-30,14818.75,14839.8,1
"802",2013-04-29,14712.55,14818.75,1
"803",2013-04-26,14700.8,14712.55,1
"804",2013-04-25,14676.3,14700.8,1
"805",2013-04-24,14719.46,14676.3,0
"806",2013-04-23,14567.17,14719.46,1
"807",2013-04-22,14547.51,14567.17,1
"808",2013-04-19,14537.14,14547.51,1
"809",2013-04-18,14618.59,14537.14,0
"810",2013-04-17,14756.78,14618.59,0
"811",2013-04-16,14599.2,14756.78,1
"812",2013-04-15,14865.06,14599.2,0
"813",2013-04-12,14865.14,14865.06,0
"814",2013-04-11,14802.24,14865.14,1
"815",2013-04-10,14673.46,14802.24,1
"816",2013-04-09,14613.48,14673.46,1
"817",2013-04-08,14565.25,14613.48,1
"818",2013-04-05,14606.11,14565.25,0
"819",2013-04-04,14550.35,14606.11,1
"820",2013-04-03,14662.01,14550.35,0
"821",2013-04-02,14572.85,14662.01,1
"822",2013-04-01,14578.54,14572.85,0
"823",2013-03-28,14526.16,14578.54,1
"824",2013-03-27,14559.65,14526.16,0
"825",2013-03-26,14447.75,14559.65,1
"826",2013-03-25,14512.03,14447.75,0
"827",2013-03-22,14421.49,14512.03,1
"828",2013-03-21,14511.73,14421.49,0
"829",2013-03-20,14455.82,14511.73,1
"830",2013-03-19,14452.06,14455.82,1
"831",2013-03-18,14514.11,14452.06,0
"832",2013-03-15,14539.14,14514.11,0
"833",2013-03-14,14455.28,14539.14,1
"834",2013-03-13,14450.06,14455.28,1
"835",2013-03-12,14447.29,14450.06,1
"836",2013-03-11,14397.07,14447.29,1
"837",2013-03-08,14329.49,14397.07,1
"838",2013-03-07,14296.24,14329.49,1
"839",2013-03-06,14253.77,14296.24,1
"840",2013-03-05,14127.82,14253.77,1
"841",2013-03-04,14089.66,14127.82,1
"842",2013-03-01,14054.49,14089.66,1
"843",2013-02-28,14075.37,14054.49,0
"844",2013-02-27,13900.13,14075.37,1
"845",2013-02-26,13784.17,13900.13,1
"846",2013-02-25,14000.57,13784.17,0
"847",2013-02-22,13880.62,14000.57,1
"848",2013-02-21,13927.54,13880.62,0
"849",2013-02-20,14035.67,13927.54,0
"850",2013-02-19,13981.76,14035.67,1
"851",2013-02-15,13973.39,13981.76,1
"852",2013-02-14,13982.91,13973.39,0
"853",2013-02-13,14018.7,13982.91,0
"854",2013-02-12,13971.24,14018.7,1
"855",2013-02-11,13992.97,13971.24,0
"856",2013-02-08,13944.05,13992.97,1
"857",2013-02-07,13986.52,13944.05,0
"858",2013-02-06,13979.3,13986.52,1
"859",2013-02-05,13880.08,13979.3,1
"860",2013-02-04,14009.79,13880.08,0
"861",2013-02-01,13860.58,14009.79,1
"862",2013-01-31,13910.42,13860.58,0
"863",2013-01-30,13954.42,13910.42,0
"864",2013-01-29,13881.93,13954.42,1
"865",2013-01-28,13895.98,13881.93,0
"866",2013-01-25,13825.33,13895.98,1
"867",2013-01-24,13779.33,13825.33,1
"868",2013-01-23,13712.21,13779.33,1
"869",2013-01-22,13649.7,13712.21,1
"870",2013-01-18,13596.02,13649.7,1
"871",2013-01-17,13511.23,13596.02,1
"872",2013-01-16,13534.89,13511.23,0
"873",2013-01-15,13507.32,13534.89,1
"874",2013-01-14,13488.43,13507.32,1
"875",2013-01-11,13471.45,13488.43,1
"876",2013-01-10,13391.82,13471.22,1
"877",2013-01-09,13329.92,13390.51,1
"878",2013-01-08,13377.42,13328.85,0
"879",2013-01-07,13436.13,13384.29,0
"880",2013-01-04,13391.05,13435.21,1
"881",2013-01-03,13413.01,13391.36,0
"882",2013-01-02,13104.3,13412.55,1
"883",2012-12-31,12938.19,13104.14,1
"884",2012-12-28,13095.08,12938.11,0
"885",2012-12-27,13114.97,13096.31,0
"886",2012-12-26,13138.85,13114.59,0
"887",2012-12-24,13190.15,13139.08,0
"888",2012-12-21,13309.95,13190.84,0
"889",2012-12-20,13246.67,13311.72,1
"890",2012-12-19,13351.04,13251.97,0
"891",2012-12-18,13236.61,13350.96,1
"892",2012-12-17,13135.17,13235.39,1
"893",2012-12-14,13170.8,13135.01,0
"894",2012-12-13,13241.38,13170.72,0
"895",2012-12-12,13250.05,13245.45,0
"896",2012-12-11,13170.34,13248.44,1
"897",2012-12-10,13154.89,13169.88,1
"898",2012-12-07,13072.87,13155.13,1
"899",2012-12-06,13026.19,13074.04,1
"900",2012-12-05,12948.96,13034.49,1
"901",2012-12-04,12966.45,12951.78,0
"902",2012-12-03,13027.73,12965.6,0
"903",2012-11-30,13022.05,13025.58,1
"904",2012-11-29,12977.35,13021.82,1
"905",2012-11-28,12875.56,12985.11,1
"906",2012-11-27,12963.38,12878.13,0
"907",2012-11-26,13008.3,12967.37,0
"908",2012-11-23,12833.13,13009.68,1
"909",2012-11-21,12788.36,12836.89,1
"910",2012-11-20,12790.89,12788.51,0
"911",2012-11-19,12590.23,12795.96,1
"912",2012-11-16,12542.31,12588.31,1
"913",2012-11-15,12571.1,12542.38,0
"914",2012-11-14,12746.54,12570.95,0
"915",2012-11-13,12808.71,12756.18,0
"916",2012-11-12,12815.93,12815.08,0
"917",2012-11-09,12811.17,12815.39,1
"918",2012-11-08,12932.81,12811.32,0
"919",2012-11-07,13228.24,12932.73,0
"920",2012-11-06,13113.89,13245.68,1
"921",2012-11-05,13092.28,13112.44,1
"922",2012-11-02,13233.39,13093.16,0
"923",2012-11-01,13099.19,13232.62,1
"924",2012-10-31,13107.44,13096.46,0
"925",2012-10-30,13107.21,13107.21,0
"926",2012-10-26,13104.22,13107.21,1
"927",2012-10-25,13079.64,13103.68,1
"928",2012-10-24,13103.53,13077.34,0
"929",2012-10-23,13344.9,13102.53,0
"930",2012-10-22,13344.28,13345.89,1
"931",2012-10-19,13545.33,13343.51,0
"932",2012-10-18,13553.24,13548.94,0
"933",2012-10-17,13539.63,13557,1
"934",2012-10-16,13423.84,13551.78,1
"935",2012-10-15,13329.54,13424.23,1
"936",2012-10-12,13325.62,13328.85,1
"937",2012-10-11,13346.28,13326.39,0
"938",2012-10-10,13473.53,13344.97,0
"939",2012-10-09,13582.88,13473.53,0
"940",2012-10-08,13610.38,13583.65,0
"941",2012-10-05,13569.18,13610.15,1
"942",2012-10-04,13495.18,13575.36,1
"943",2012-10-03,13479.21,13494.61,1
"944",2012-10-02,13515.3,13482.36,0
"945",2012-10-01,13437.66,13515.11,1
"946",2012-09-28,13485.89,13437.13,0
"947",2012-09-27,13413.47,13485.97,1
"948",2012-09-26,13457.86,13413.51,0
"949",2012-09-25,13559.92,13457.55,0
"950",2012-09-24,13577.85,13558.92,0
"951",2012-09-21,13597.24,13579.47,0
"952",2012-09-20,13575.17,13596.93,1
"953",2012-09-19,13565.41,13577.96,1
"954",2012-09-18,13552.33,13564.64,1
"955",2012-09-17,13588.57,13553.1,0
"956",2012-09-14,13540.4,13593.37,1
"957",2012-09-13,13329.71,13539.86,1
"958",2012-09-12,13321.62,13333.35,1
"959",2012-09-11,13254.6,13323.36,1
"960",2012-09-10,13308.56,13254.29,0
"961",2012-09-07,13289.53,13306.64,1
"962",2012-09-06,13045.23,13292,1
"963",2012-09-05,13036.09,13047.48,1
"964",2012-09-04,13092.15,13035.94,0
"965",2012-08-31,13002.72,13090.84,1
"966",2012-08-30,13101.29,13000.71,0
"967",2012-08-29,13103.46,13107.48,1
"968",2012-08-28,13122.74,13102.99,0
"969",2012-08-27,13157.74,13124.67,0
"970",2012-08-24,13052.82,13157.97,1
"971",2012-08-23,13171.37,13057.46,0
"972",2012-08-22,13198.31,13172.76,0
"973",2012-08-21,13272.1,13203.58,0
"974",2012-08-20,13274.58,13271.64,0
"975",2012-08-17,13251.2,13275.2,1
"976",2012-08-16,13163.24,13250.11,1
"977",2012-08-15,13157.47,13164.78,1
"978",2012-08-14,13168.11,13172.14,1
"979",2012-08-13,13204.93,13169.43,0
"980",2012-08-10,13163.15,13207.95,1
"981",2012-08-09,13174.73,13165.19,0
"982",2012-08-08,13158.1,13175.64,1
"983",2012-08-07,13118.65,13168.6,1
"984",2012-08-06,13099.88,13117.51,1
"985",2012-08-03,12884.82,13096.17,1
"986",2012-08-02,12969.7,12878.88,0
"987",2012-08-01,13007.47,12971.06,0
"988",2012-07-31,13071.72,13008.68,0
"989",2012-07-30,13075.35,13073.01,0
"990",2012-07-27,12888.91,13075.66,1
"991",2012-07-26,12680.59,12887.93,1
"992",2012-07-25,12617.77,12676.05,1
"993",2012-07-24,12720.93,12617.32,0
"994",2012-07-23,12820.45,12721.46,0
"995",2012-07-20,12942.68,12822.57,0
"996",2012-07-19,12909.61,12943.36,1
"997",2012-07-18,12796.98,12908.7,1
"998",2012-07-17,12728.73,12805.54,1
"999",2012-07-16,12776.33,12727.21,0
"1000",2012-07-13,12573.73,12777.09,1
"1001",2012-07-12,12602.71,12573.27,0
"1002",2012-07-11,12653.04,12604.53,0
"1003",2012-07-10,12733.87,12653.12,0
"1004",2012-07-09,12772.02,12736.29,0
"1005",2012-07-06,12889.4,12772.47,0
"1006",2012-07-05,12941.85,12896.67,0
"1007",2012-07-03,12868.06,12943.82,1
"1008",2012-07-02,12879.71,12871.39,0
"1009",2012-06-29,12604.6,12880.09,1
"1010",2012-06-28,12626.25,12602.26,0
"1011",2012-06-27,12532.93,12627.01,1
"1012",2012-06-26,12503.57,12534.67,1
"1013",2012-06-25,12639.8,12502.66,0
"1014",2012-06-22,12574.82,12640.78,1
"1015",2012-06-21,12823.1,12573.57,0
"1016",2012-06-20,12837.1,12824.39,0
"1017",2012-06-19,12744.62,12837.33,1
"1018",2012-06-18,12767.02,12741.82,0
"1019",2012-06-15,12652.21,12767.17,1
"1020",2012-06-14,12497.89,12651.91,1
"1021",2012-06-13,12566.38,12496.38,0
"1022",2012-06-12,12412.07,12573.8,1
"1023",2012-06-11,12553.81,12411.23,0
"1024",2012-06-08,12460.81,12554.2,1
"1025",2012-06-07,12416.53,12460.96,1
"1026",2012-06-06,12125,12414.79,1
"1027",2012-06-05,12101.08,12127.95,1
"1028",2012-06-04,12119.85,12101.46,0
"1029",2012-06-01,12391.56,12118.57,0
"1030",2012-05-31,12414.41,12393.45,0
"1031",2012-05-30,12579.02,12419.86,0
"1032",2012-05-29,12454.83,12580.69,1
"1033",2012-05-25,12530.74,12454.83,0
"1034",2012-05-24,12491.91,12529.75,1
"1035",2012-05-23,12501.52,12496.15,0
"1036",2012-05-22,12505.38,12502.81,0
"1037",2012-05-21,12369.15,12504.48,1
"1038",2012-05-18,12443.02,12369.38,0
"1039",2012-05-17,12598.32,12442.49,0
"1040",2012-05-16,12617.32,12598.55,0
"1041",2012-05-15,12695.05,12632,0
"1042",2012-05-14,12818.49,12695.35,0
"1043",2012-05-11,12851.79,12820.6,0
"1044",2012-05-10,12831.58,12855.04,1
"1045",2012-05-09,12921.81,12835.06,0
"1046",2012-05-08,13000.73,12932.09,0
"1047",2012-05-07,13035.85,13008.53,0
"1048",2012-05-04,13204.62,13038.27,0
"1049",2012-05-03,13267.59,13206.59,0
"1050",2012-05-02,13278.11,13268.57,0
"1051",2012-05-01,13214.16,13279.32,1
"1052",2012-04-30,13228.31,13213.63,0
"1053",2012-04-27,13204.7,13228.31,1
"1054",2012-04-26,13090.11,13204.62,1
"1055",2012-04-25,12997.69,13090.72,1
"1056",2012-04-24,12927.77,13001.56,1
"1057",2012-04-23,13028.2,12927.17,0
"1058",2012-04-20,12964.48,13029.26,1
"1059",2012-04-19,13028.73,12964.1,0
"1060",2012-04-18,13114.56,13032.75,0
"1061",2012-04-17,12921.79,13115.54,1
"1062",2012-04-16,12850.88,12921.41,1
"1063",2012-04-13,12986.2,12849.59,0
"1064",2012-04-12,12806.45,12986.58,1
"1065",2012-04-11,12716.92,12805.39,1
"1066",2012-04-10,12929.44,12715.93,0
"1067",2012-04-09,13057.57,12929.59,0
"1068",2012-04-05,13067.18,13060.14,0
"1069",2012-04-04,13198.19,13074.75,0
"1070",2012-04-03,13258.96,13199.55,0
"1071",2012-04-02,13211.36,13264.49,1
"1072",2012-03-30,13147.94,13212.04,1
"1073",2012-03-29,13125.99,13145.82,1
"1074",2012-03-28,13195.39,13126.21,0
"1075",2012-03-27,13242.09,13197.73,0
"1076",2012-03-26,13082.62,13241.63,1
"1077",2012-03-23,13045.99,13080.73,1
"1078",2012-03-22,13124.4,13046.14,0
"1079",2012-03-21,13170.79,13124.62,0
"1080",2012-03-20,13238.45,13170.19,0
"1081",2012-03-19,13231.94,13239.13,1
"1082",2012-03-16,13253.51,13232.62,0
"1083",2012-03-15,13192.97,13252.76,1
"1084",2012-03-14,13177.15,13194.1,1
"1085",2012-03-13,12953.2,13177.68,1
"1086",2012-03-12,12920.58,12959.71,1
"1087",2012-03-09,12908.62,12922.02,1
"1088",2012-03-08,12835.53,12907.94,1
"1089",2012-03-07,12756.12,12837.33,1
"1090",2012-03-06,12958.65,12759.15,0
"1091",2012-03-05,12977.34,12962.81,0
"1092",2012-03-02,12980.75,12977.57,0
"1093",2012-03-01,12952.29,12980.3,1
"1094",2012-02-29,13005.42,12952.07,0
"1095",2012-02-28,12976.74,13005.12,1
"1096",2012-02-27,12981.13,12981.51,1
"1097",2012-02-24,12981.2,12982.95,1
"1098",2012-02-23,12937.08,12984.69,1
"1099",2012-02-22,12966.22,12938.67,0
"1100",2012-02-21,12949.34,12965.69,1
"1101",2012-02-17,12903.33,12949.87,1
"1102",2012-02-16,12779.81,12904.08,1
"1103",2012-02-15,12864.65,12780.95,0
"1104",2012-02-14,12871.77,12878.28,1
"1105",2012-02-13,12799.11,12874.04,1
"1106",2012-02-10,12889.55,12801.23,0
"1107",2012-02-09,12884.41,12890.46,1
"1108",2012-02-08,12865.79,12883.95,1
"1109",2012-02-07,12844.37,12878.2,1
"1110",2012-02-06,12860.72,12845.13,0
"1111",2012-02-03,12705.04,12862.23,1
"1112",2012-02-02,12716.54,12705.41,0
"1113",2012-02-01,12632.76,12716.46,1
"1114",2012-01-31,12654.78,12632.91,0
"1115",2012-01-30,12659.17,12653.72,0
"1116",2012-01-27,12733.95,12660.46,0
"1117",2012-01-26,12757.33,12734.63,0
"1118",2012-01-25,12673.63,12756.96,1
"1119",2012-01-24,12708.37,12675.75,0
"1120",2012-01-23,12720.25,12708.82,0
"1121",2012-01-20,12623.83,12720.48,1
"1122",2012-01-19,12578.19,12623.98,1
"1123",2012-01-18,12474.69,12578.95,1
"1124",2012-01-17,12423.12,12482.07,1
"1125",2012-01-13,12469.96,12422.06,0
"1126",2012-01-12,12449.91,12471.02,1
"1127",2012-01-11,12459.52,12449.45,0
"1128",2012-01-10,12394.51,12462.47,1
"1129",2012-01-09,12359.31,12392.69,1
"1130",2012-01-06,12407.45,12359.92,0
"1131",2012-01-05,12418.42,12415.7,0
"1132",2012-01-04,12392.46,12418.42,1
"1133",2012-01-03,12221.19,12397.38,1
"1134",2011-12-30,12286.13,12217.56,0
"1135",2011-12-29,12152.09,12287.04,1
"1136",2011-12-28,12288.85,12151.41,0
"1137",2011-12-27,12293.47,12291.35,0
"1138",2011-12-23,12169.8,12294,1
"1139",2011-12-22,12107.59,12169.65,1
"1140",2011-12-21,12103.28,12107.74,1
"1141",2011-12-20,11769.21,12103.58,1
"1142",2011-12-19,11866.54,11766.26,0
"1143",2011-12-16,11870.25,11866.39,0
"1144",2011-12-15,11825.29,11868.81,1
"1145",2011-12-14,11949.72,11823.48,0
"1146",2011-12-13,12018.66,11954.94,0
"1147",2011-12-12,12181.08,12021.39,0
"1148",2011-12-09,11996.03,12184.26,1
"1149",2011-12-08,12195.91,11997.7,0
"1150",2011-12-07,12144.41,12196.37,1
"1151",2011-12-06,12097.75,12150.13,1
"1152",2011-12-05,12021.54,12097.83,1
"1153",2011-12-02,12022.37,12019.42,0
"1154",2011-12-01,12046.21,12020.03,0
"1155",2011-11-30,11559.27,12045.68,1
"1156",2011-11-29,11523.01,11555.63,1
"1157",2011-11-28,11232.47,11523.01,1
"1158",2011-11-25,11251.88,11231.78,0
"1159",2011-11-23,11492.74,11257.55,0
"1160",2011-11-22,11542.39,11493.72,0
"1161",2011-11-21,11795.55,11547.31,0
"1162",2011-11-18,11768.98,11796.16,1
"1163",2011-11-17,11905.67,11770.73,0
"1164",2011-11-16,12084.74,11905.59,0
"1165",2011-11-15,12077.92,12096.16,1
"1166",2011-11-14,12153,12078.98,0
"1167",2011-11-11,11896.28,12153.68,1
"1168",2011-11-10,11780.03,11893.79,1
"1169",2011-11-09,12166.4,11780.94,0
"1170",2011-11-08,12055.52,12170.18,1
"1171",2011-11-07,11983.02,12068.39,1
"1172",2011-11-04,12043.41,11983.24,0
"1173",2011-11-03,11835.59,12044.47,1
"1174",2011-11-02,11658.49,11836.04,1
"1175",2011-11-01,11951.53,11657.96,0
"1176",2011-10-31,12229.22,11955.01,0
"1177",2011-10-28,12207.34,12231.11,1
"1178",2011-10-27,11872.07,12208.55,1
"1179",2011-10-26,11707.76,11869.04,1
"1180",2011-10-25,11912.63,11706.62,0
"1181",2011-10-24,11807.96,11913.62,1
"1182",2011-10-21,11543.22,11808.79,1
"1183",2011-10-20,11502.13,11541.78,1
"1184",2011-10-19,11577.54,11504.62,0
"1185",2011-10-18,11396.17,11577.05,1
"1186",2011-10-17,11643.35,11397,0
"1187",2011-10-14,11478.97,11644.49,1
"1188",2011-10-13,11518.09,11478.13,0
"1189",2011-10-12,11417.36,11518.85,1
"1190",2011-10-11,11432.8,11416.3,0
"1191",2011-10-10,11104.56,11433.18,1
"1192",2011-10-07,11123.41,11103.12,0
"1193",2011-10-06,10939.87,11123.33,1
"1194",2011-10-05,10800.47,10939.95,1
"1195",2011-10-04,10651.44,10808.71,1
"1196",2011-10-03,10912.1,10655.3,0
"1197",2011-09-30,11152.32,10913.38,0
"1198",2011-09-29,11012.79,11153.98,1
"1199",2011-09-28,11189.1,11010.9,0
"1200",2011-09-27,11045.23,11190.69,1
"1201",2011-09-26,10771.78,11043.86,1
"1202",2011-09-23,10732.77,10771.48,1
"1203",2011-09-22,11121.89,10733.83,0
"1204",2011-09-21,11408.58,11124.84,0
"1205",2011-09-20,11401.47,11408.66,1
"1206",2011-09-19,11506.67,11401.01,0
"1207",2011-09-16,11433.71,11509.09,1
"1208",2011-09-15,11247.72,11433.18,1
"1209",2011-09-14,11106.83,11246.73,1
"1210",2011-09-13,11054.99,11105.85,1
"1211",2011-09-12,10990.01,11061.12,1
"1212",2011-09-09,11294.6,10992.13,0
"1213",2011-09-08,11414.86,11295.81,0
"1214",2011-09-07,11137.63,11414.86,1
"1215",2011-09-06,11237.31,11139.3,0
"1216",2011-09-02,11492.06,11240.26,0
"1217",2011-09-01,11613.3,11493.57,0
"1218",2011-08-31,11560.48,11613.53,1
"1219",2011-08-30,11532.13,11559.95,1
"1220",2011-08-29,11286.65,11539.25,1
"1221",2011-08-26,11145.2,11284.54,1
"1222",2011-08-25,11321.02,11149.82,0
"1223",2011-08-24,11175.78,11320.71,1
"1224",2011-08-23,10854.58,11176.76,1
"1225",2011-08-22,10820.37,10854.65,1
"1226",2011-08-19,10989.75,10817.65,0
"1227",2011-08-18,11406.27,10990.58,0
"1228",2011-08-17,11392.01,11410.21,1
"1229",2011-08-16,11480.48,11405.93,0
"1230",2011-08-15,11269.85,11482.9,1
"1231",2011-08-12,11143.46,11269.02,1
"1232",2011-08-11,10729.85,11143.31,1
"1233",2011-08-10,11228,10719.94,0
"1234",2011-08-09,10810.91,11239.77,1
"1235",2011-08-08,11433.93,10809.85,0
"1236",2011-08-05,11383.98,11444.61,1
"1237",2011-08-04,11893.86,11383.68,0
"1238",2011-08-03,11863.74,11896.44,1
"1239",2011-08-02,12129.77,11866.62,0
"1240",2011-08-01,12144.22,12132.49,0
"1241",2011-07-29,12239.36,12143.24,0
"1242",2011-07-28,12301.72,12240.11,0
"1243",2011-07-27,12498.42,12302.55,0
"1244",2011-07-26,12592.12,12501.3,0
"1245",2011-07-25,12679.72,12592.8,0
"1246",2011-07-22,12724.71,12681.16,0
"1247",2011-07-21,12567.07,12724.41,1
"1248",2011-07-20,12583.68,12571.91,0
"1249",2011-07-19,12386.03,12587.42,1
"1250",2011-07-18,12475.11,12385.16,0
"1251",2011-07-15,12437.12,12479.73,1
"1252",2011-07-14,12491.53,12437.12,0
"1253",2011-07-13,12447.33,12491.61,1
"1254",2011-07-12,12505.54,12446.88,0
"1255",2011-07-11,12655.62,12505.76,0
"1256",2011-07-08,12717.9,12657.2,0
"1257",2011-07-07,12627.23,12719.49,1
"1258",2011-07-06,12562.47,12626.02,1
"1259",2011-07-05,12583,12569.87,0
"1260",2011-07-01,12412.07,12582.77,1
"1261",2011-06-30,12262.25,12414.34,1
"1262",2011-06-29,12187.63,12261.42,1
"1263",2011-06-28,12042.28,12188.69,1
"1264",2011-06-27,11934.66,12043.56,1
"1265",2011-06-24,12049.24,11934.58,0
"1266",2011-06-23,12108.35,12050,0
"1267",2011-06-22,12189.71,12109.67,0
"1268",2011-06-21,12081.33,12190.01,1
"1269",2011-06-20,12004.28,12080.38,1
"1270",2011-06-17,11962.66,12004.36,1
"1271",2011-06-16,11896.13,11961.52,1
"1272",2011-06-15,12075.12,11897.27,0
"1273",2011-06-14,11951.38,12076.11,1
"1274",2011-06-13,11945.33,11952.97,1
"1275",2011-06-10,12124.17,11951.91,0
"1276",2011-06-09,12049.47,12124.36,1
"1277",2011-06-08,12066.27,12048.94,0
"1278",2011-06-07,12090.18,12070.81,0
"1279",2011-06-06,12151.19,12089.96,0
"1280",2011-06-03,12247.8,12151.26,0
"1281",2011-06-02,12289.61,12248.55,0
"1282",2011-06-01,12569.41,12290.14,0
"1283",2011-05-31,12443.4,12569.79,1
"1284",2011-05-27,12398.06,12441.58,1
"1285",2011-05-26,12391.63,12402.76,1
"1286",2011-05-25,12355.45,12394.66,1
"1287",2011-05-24,12381.57,12356.21,0
"1288",2011-05-23,12511.36,12381.26,0
"1289",2011-05-20,12604.72,12512.04,0
"1290",2011-05-19,12561.46,12605.32,1
"1291",2011-05-18,12471.78,12560.18,1
"1292",2011-05-17,12541.33,12479.58,0
"1293",2011-05-16,12594.77,12548.37,0
"1294",2011-05-13,12695.65,12595.75,0
"1295",2011-05-12,12629.96,12695.92,1
"1296",2011-05-11,12745.87,12630.03,0
"1297",2011-05-10,12685.13,12760.36,1
"1298",2011-05-09,12637.83,12684.68,1
"1299",2011-05-06,12580.76,12638.74,1
"1300",2011-05-05,12723.65,12584.17,0
"1301",2011-05-04,12806.29,12723.58,0
"1302",2011-05-03,12806.38,12807.51,1
"1303",2011-05-02,12810.16,12807.36,0
"1304",2011-04-29,12763.46,12810.54,1
"1305",2011-04-28,12689.9,12763.31,1
"1306",2011-04-27,12592.23,12690.96,1
"1307",2011-04-26,12480.86,12595.37,1
"1308",2011-04-25,12505.99,12479.88,0
"1309",2011-04-21,12453.62,12505.99,1
"1310",2011-04-20,12266.75,12453.54,1
"1311",2011-04-19,12201.44,12266.75,1
"1312",2011-04-18,12339.71,12201.59,0
"1313",2011-04-15,12285.45,12341.83,1
"1314",2011-04-14,12270.24,12285.15,1
"1315",2011-04-13,12263.65,12270.99,1
"1316",2011-04-12,12381.19,12263.58,0
"1317",2011-04-11,12380.43,12381.11,1
"1318",2011-04-08,12409.87,12380.05,0
"1319",2011-04-07,12426.45,12409.49,0
"1320",2011-04-06,12386.66,12426.75,1
"1321",2011-04-05,12402.08,12393.9,0
"1322",2011-04-04,12374.6,12400.03,1
"1323",2011-04-01,12321.02,12376.72,1
"1324",2011-03-31,12350.76,12319.73,0
"1325",2011-03-30,12280.07,12350.61,1
"1326",2011-03-29,12194.48,12279.01,1
"1327",2011-03-28,12221.19,12197.88,0
"1328",2011-03-25,12170.71,12220.59,1
"1329",2011-03-24,12087.54,12170.56,1
"1330",2011-03-23,12018.4,12086.02,1
"1331",2011-03-22,12036.37,12018.63,0
"1332",2011-03-21,11860.11,12036.53,1
"1333",2011-03-18,11777.23,11858.52,1
"1334",2011-03-17,11614.89,11774.59,1
"1335",2011-03-16,11854.2,11613.3,0
"1336",2011-03-15,11988.69,11855.42,0
"1337",2011-03-14,12042.13,11993.16,0
"1338",2011-03-11,11976.96,12044.4,1
"1339",2011-03-10,12211.43,11984.61,0
"1340",2011-03-09,12211.16,12213.09,1
"1341",2011-03-08,12085.87,12214.38,1
"1342",2011-03-07,12171.09,12090.03,0
"1343",2011-03-04,12258.88,12169.88,0
"1344",2011-03-03,12068.01,12258.2,1
"1345",2011-03-02,12057.34,12066.8,1
"1346",2011-03-01,12226.49,12058.02,0
"1347",2011-02-28,12130.45,12226.34,1
"1348",2011-02-25,12060.93,12130.45,1
"1349",2011-02-24,12104.56,12068.5,0
"1350",2011-02-23,12211.81,12105.78,0
"1351",2011-02-22,12389.74,12212.79,0
"1352",2011-02-18,12318.67,12391.25,1
"1353",2011-02-17,12287.72,12318.14,1
"1354",2011-02-16,12219.79,12288.17,1
"1355",2011-02-15,12266.75,12226.64,0
"1356",2011-02-14,12266.83,12268.19,1
"1357",2011-02-11,12227.78,12273.26,1
"1358",2011-02-10,12239.66,12229.29,0
"1359",2011-02-09,12229.29,12239.89,1
"1360",2011-02-08,12152.7,12233.15,1
"1361",2011-02-07,12092.38,12161.63,1
"1362",2011-02-04,12061.73,12092.15,1
"1363",2011-02-03,12040.68,12062.26,1
"1364",2011-02-02,12038.27,12041.97,1
"1365",2011-02-01,11892.5,12040.16,1
"1366",2011-01-31,11824.39,11891.93,1
"1367",2011-01-28,11990.36,11823.7,0
"1368",2011-01-27,11985.36,11989.83,1
"1369",2011-01-26,11978.85,11985.44,1
"1370",2011-01-25,11980.52,11977.19,0
"1371",2011-01-24,11873.43,11980.52,1
"1372",2011-01-21,11822.95,11871.84,1
"1373",2011-01-20,11823.7,11822.8,0
"1374",2011-01-19,11834.21,11825.29,0
"1375",2011-01-18,11783.82,11837.93,1
"1376",2011-01-14,11732.13,11787.38,1
"1377",2011-01-13,11753.7,11731.9,0
"1378",2011-01-12,11673.62,11755.44,1
"1379",2011-01-11,11638.51,11671.88,1
"1380",2011-01-10,11672.34,11637.45,0
"1381",2011-01-07,11696.86,11674.76,0
"1382",2011-01-06,11716.93,11697.31,0
"1383",2011-01-05,11688.61,11722.89,1
"1384",2011-01-04,11670.9,11691.18,1
"1385",2011-01-03,11577.43,11670.75,1
"1386",2010-12-31,11569.33,11577.51,1
"1387",2010-12-30,11585.3,11569.71,0
"1388",2010-12-29,11572.74,11585.38,1
"1389",2010-12-28,11554.8,11575.54,1
"1390",2010-12-27,11572.81,11555.03,0
"1391",2010-12-23,11559.11,11573.49,1
"1392",2010-12-22,11532.17,11559.49,1
"1393",2010-12-21,11478.36,11533.16,1
"1394",2010-12-20,11491.3,11478.13,0
"1395",2010-12-17,11499.02,11491.91,0
"1396",2010-12-16,11458,11499.25,1
"1397",2010-12-15,11475.64,11457.47,0
"1398",2010-12-14,11429.24,11476.54,1
"1399",2010-12-13,11406.16,11428.56,1
"1400",2010-12-10,11370.44,11410.32,1
"1401",2010-12-09,11370.36,11370.06,0
"1402",2010-12-08,11354.3,11372.48,1
"1403",2010-12-07,11363.85,11359.16,0
"1404",2010-12-06,11381.33,11362.19,0
"1405",2010-12-03,11361.88,11382.09,1
"1406",2010-12-02,11255.93,11362.41,1
"1407",2010-12-01,11007.23,11255.78,1
"1408",2010-11-30,11049.72,11006.02,0
"1409",2010-11-29,11083.75,11052.49,0
"1410",2010-11-26,11183.5,11092,0
"1411",2010-11-24,11037.35,11187.28,1
"1412",2010-11-23,11177.6,11036.37,0
"1413",2010-11-22,11201.66,11178.58,0
"1414",2010-11-19,11180.77,11203.55,1
"1415",2010-11-18,11010.49,11181.23,1
"1416",2010-11-17,11017.83,11007.88,0
"1417",2010-11-16,11194.7,11023.5,0
"1418",2010-11-15,11194.02,11201.97,1
"1419",2010-11-12,11281.28,11192.58,0
"1420",2010-11-11,11326.69,11283.1,0
"1421",2010-11-10,11342.81,11357.04,1
"1422",2010-11-09,11403.59,11346.75,0
"1423",2010-11-08,11439.54,11406.84,0
"1424",2010-11-05,11435.22,11444.08,1
"1425",2010-11-04,11216.65,11434.84,1
"1426",2010-11-03,11184.88,11215.13,1
"1427",2010-11-02,11125.22,11188.72,1
"1428",2010-11-01,11120.3,11124.62,1
"1429",2010-10-29,11120.45,11118.49,0
"1430",2010-10-28,11127.34,11113.95,0
"1431",2010-10-27,11168.4,11126.28,0
"1432",2010-10-26,11163.14,11169.46,1
"1433",2010-10-25,11133.4,11164.05,1
"1434",2010-10-22,11146.41,11132.56,0
"1435",2010-10-21,11105.24,11146.57,1
"1436",2010-10-20,10974.52,11107.97,1
"1437",2010-10-19,11139.6,10978.62,0
"1438",2010-10-18,11062.63,11143.69,1
"1439",2010-10-15,11096.01,11062.78,0
"1440",2010-10-14,11096.99,11094.57,0
"1441",2010-10-13,11022.82,11096.08,1
"1442",2010-10-12,11010.79,11020.4,1
"1443",2010-10-11,11006.93,11010.34,1
"1444",2010-10-08,10948.5,11006.48,1
"1445",2010-10-07,10968.41,10948.58,0
"1446",2010-10-06,10936.79,10967.65,1
"1447",2010-10-05,10752.78,10944.72,1
"1448",2010-10-04,10828.85,10751.27,0
"1449",2010-10-01,10789.72,10829.68,1
"1450",2010-09-30,10836.04,10788.05,0
"1451",2010-09-29,10857.98,10835.28,0
"1452",2010-09-28,10809.17,10858.14,1
"1453",2010-09-27,10860.03,10812.04,0
"1454",2010-09-24,10664.39,10860.26,1
"1455",2010-09-23,10738.48,10662.42,0
"1456",2010-09-22,10761.11,10739.31,0
"1457",2010-09-21,10753.39,10761.03,1
"1458",2010-09-20,10608.08,10753.62,1
"1459",2010-09-17,10595.51,10607.85,1
"1460",2010-09-16,10571.75,10594.83,1
"1461",2010-09-15,10526.42,10572.73,1
"1462",2010-09-14,10544.73,10526.49,0
"1463",2010-09-13,10458.6,10544.13,1
"1464",2010-09-10,10415.01,10462.77,1
"1465",2010-09-09,10388.14,10415.24,1
"1466",2010-09-08,10338.49,10387.01,1
"1467",2010-09-07,10446.8,10340.69,0
"1468",2010-09-03,10321.92,10447.93,1
"1469",2010-09-02,10270.08,10320.1,1
"1470",2010-09-01,10016.01,10269.47,1
"1471",2010-08-31,10006.42,10014.72,1
"1472",2010-08-30,10145.58,10009.73,0
"1473",2010-08-27,9982.18,10150.65,1
"1474",2010-08-26,10059.9,9985.81,0
"1475",2010-08-25,10040.15,10060.06,1
"1476",2010-08-24,10173.05,10040.45,0
"1477",2010-08-23,10215.51,10174.41,0
"1478",2010-08-20,10270.98,10213.62,0
"1479",2010-08-19,10411.15,10271.21,0
"1480",2010-08-18,10398.59,10415.54,1
"1481",2010-08-17,10297.63,10405.85,1
"1482",2010-08-16,10303.07,10302.01,0
"1483",2010-08-13,10320.33,10303.15,0
"1484",2010-08-12,10361.58,10319.95,0
"1485",2010-08-11,10631.82,10378.83,0
"1486",2010-08-10,10696.63,10644.25,0
"1487",2010-08-09,10654.62,10698.75,1
"1488",2010-08-06,10668.55,10653.56,0
"1489",2010-08-05,10679.67,10674.98,0
"1490",2010-08-04,10630.2,10680.43,1
"1491",2010-08-03,10673.92,10636.38,0
"1492",2010-08-02,10468.82,10674.38,1
"1493",2010-07-30,10465.19,10465.94,1
"1494",2010-07-29,10498.94,10467.16,0
"1495",2010-07-28,10537.01,10497.88,0
"1496",2010-07-27,10525.28,10537.69,1
"1497",2010-07-26,10424.17,10525.43,1
"1498",2010-07-23,10321.16,10424.62,1
"1499",2010-07-22,10121.81,10322.3,1
"1500",2010-07-21,10226.02,10120.53,0
"1501",2010-07-20,10151.48,10229.96,1
"1502",2010-07-19,10098.12,10154.43,1
"1503",2010-07-16,10356.2,10097.9,0
"1504",2010-07-15,10367.1,10359.31,0
"1505",2010-07-14,10370.96,10366.72,0
"1506",2010-07-13,10217.55,10363.02,1
"1507",2010-07-12,10199.24,10216.27,1
"1508",2010-07-09,10137.93,10198.03,1
"1509",2010-07-08,10019.26,10138.99,1
"1510",2010-07-07,9736.85,10018.28,1
"1511",2010-07-06,9689.21,9743.62,1
"1512",2010-07-02,9732.23,9686.48,0
"1513",2010-07-01,9773.27,9732.53,0
"1514",2010-06-30,9868.34,9774.02,0
"1515",2010-06-29,10135.72,9870.3,0
"1516",2010-06-28,10143.05,10138.52,0
"1517",2010-06-25,10153.48,10143.81,0
"1518",2010-06-24,10297.08,10152.8,0
"1519",2010-06-23,10293.3,10298.44,1
"1520",2010-06-22,10441.95,10293.52,0
"1521",2010-06-21,10452.46,10442.41,0
"1522",2010-06-18,10435,10450.64,1
"1523",2010-06-17,10409.98,10434.17,1
"1524",2010-06-16,10404.24,10409.46,1
"1525",2010-06-15,10192.4,10404.77,1
"1526",2010-06-14,10211.83,10190.89,0
"1527",2010-06-11,10166.78,10211.07,1
"1528",2010-06-10,9901.67,10172.53,1
"1529",2010-06-09,9941.57,9899.25,0
"1530",2010-06-08,9812.94,9939.98,1
"1531",2010-06-07,9931.75,9816.49,0
"1532",2010-06-04,10249.61,9931.97,0
"1533",2010-06-03,10250.67,10255.28,1
"1534",2010-06-02,10025.61,10249.54,1
"1535",2010-06-01,10133.94,10024.02,0
"1536",2010-05-28,10258,10136.63,0
"1537",2010-05-27,9971.73,10258.99,1
"1538",2010-05-26,10045.11,9974.45,0
"1539",2010-05-25,10061.43,10043.75,0
"1540",2010-05-24,10193.46,10066.57,0
"1541",2010-05-21,10063.93,10193.39,1
"1542",2010-05-20,10440.21,10068.01,0
"1543",2010-05-19,10505.7,10444.37,0
"1544",2010-05-18,10625.45,10510.95,0
"1545",2010-05-17,10616.98,10625.83,1
"1546",2010-05-14,10780.68,10620.16,0
"1547",2010-05-13,10896.61,10782.95,0
"1548",2010-05-12,10742.15,10896.91,1
"1549",2010-05-11,10780,10748.26,0
"1550",2010-05-10,10386.18,10785.14,1
"1551",2010-05-07,10519.42,10380.43,0
"1552",2010-05-06,10862.22,10520.32,0
"1553",2010-05-05,10918.4,10868.12,0
"1554",2010-05-04,11149.48,10926.77,0
"1555",2010-05-03,11009.6,11151.83,1
"1556",2010-04-30,11168.23,11008.61,0
"1557",2010-04-29,11045.64,11167.32,1
"1558",2010-04-28,10988.87,11045.27,1
"1559",2010-04-27,11203.67,10991.99,0
"1560",2010-04-26,11205.11,11205.03,0
"1561",2010-04-23,11132.18,11204.28,1
"1562",2010-04-22,11119.78,11134.29,1
"1563",2010-04-21,11116.91,11124.92,1
"1564",2010-04-20,11093.11,11117.06,1
"1565",2010-04-19,11018.36,11092.05,1
"1566",2010-04-16,11143.66,11018.66,0
"1567",2010-04-15,11122.96,11144.57,1
"1568",2010-04-14,11020.7,11123.11,1
"1569",2010-04-13,11006.72,11019.42,1
"1570",2010-04-12,10996.75,11005.97,1
"1571",2010-04-09,10926.92,10997.35,1
"1572",2010-04-08,10896.99,10927.07,1
"1573",2010-04-07,10961.95,10897.52,0
"1574",2010-04-06,10972.49,10969.99,0
"1575",2010-04-05,10927.45,10973.55,1
"1576",2010-04-01,10857.31,10927.07,1
"1577",2010-03-31,10907.34,10856.63,0
"1578",2010-03-30,10895.02,10907.42,1
"1579",2010-03-29,10849.23,10895.86,1
"1580",2010-03-26,10841.29,10850.36,1
"1581",2010-03-25,10837.51,10841.21,1
"1582",2010-03-24,10887.62,10836.15,0
"1583",2010-03-23,10787.18,10888.83,1
"1584",2010-03-22,10741,10785.89,1
"1585",2010-03-19,10780,10741.98,0
"1586",2010-03-18,10733.44,10779.17,1
"1587",2010-03-17,10686.36,10733.67,1
"1588",2010-03-16,10642.53,10685.98,1
"1589",2010-03-15,10623.41,10642.15,1
"1590",2010-03-12,10611.77,10624.69,1
"1591",2010-03-11,10560.98,10611.84,1
"1592",2010-03-10,10560.13,10567.33,1
"1593",2010-03-09,10552.24,10564.38,1
"1594",2010-03-08,10563.78,10552.52,0
"1595",2010-03-05,10445.13,10566.2,1
"1596",2010-03-04,10396.53,10444.14,1
"1597",2010-03-03,10406.28,10396.76,0
"1598",2010-03-02,10404.16,10405.98,1
"1599",2010-03-01,10326.1,10403.79,1
"1600",2010-02-26,10321.41,10325.26,1
"1601",2010-02-25,10366.6,10321.03,0
"1602",2010-02-24,10284,10374.16,1
"1603",2010-02-23,10383.16,10282.41,0
"1604",2010-02-22,10402.43,10383.38,0
"1605",2010-02-19,10387.77,10402.35,1
"1606",2010-02-18,10309.39,10392.9,1
"1607",2010-02-17,10261.48,10309.24,1
"1608",2010-02-16,10100.81,10268.81,1
"1609",2010-02-12,10137.23,10099.14,0
"1610",2010-02-11,10037.85,10144.19,1
"1611",2010-02-10,10055.46,10038.38,0
"1612",2010-02-09,9910.28,10058.64,1
"1613",2010-02-08,10005.43,9908.39,0
"1614",2010-02-05,10003.69,10012.23,1
"1615",2010-02-04,10273.12,10002.18,0
"1616",2010-02-03,10291.73,10270.55,0
"1617",2010-02-02,10186.13,10296.85,1
"1618",2010-02-01,10068.99,10185.53,1
"1619",2010-01-29,10122.04,10067.33,0
"1620",2010-01-28,10236.92,10120.46,0
"1621",2010-01-27,10194.29,10236.16,1
"1622",2010-01-26,10195.35,10194.29,0
"1623",2010-01-25,10175.1,10196.86,1
"1624",2010-01-22,10389.58,10172.98,0
"1625",2010-01-21,10603.91,10389.88,0
"1626",2010-01-20,10719.69,10603.15,0
"1627",2010-01-19,10608.37,10725.43,1
"1628",2010-01-15,10706.99,10609.65,0
"1629",2010-01-14,10680.16,10710.55,1
"1630",2010-01-13,10628.09,10680.77,1
"1631",2010-01-12,10662.86,10627.26,0
"1632",2010-01-11,10620.31,10663.99,1
"1633",2010-01-08,10606.4,10618.19,1
"1634",2010-01-07,10571.11,10606.86,1
"1635",2010-01-06,10564.72,10573.68,1
"1636",2010-01-05,10584.56,10572.02,0
"1637",2010-01-04,10430.69,10583.96,1
"1638",2009-12-31,10548.51,10428.05,0
"1639",2009-12-30,10544.36,10548.51,1
"1640",2009-12-29,10547.83,10545.41,0
"1641",2009-12-28,10517.91,10547.08,1
"1642",2009-12-24,10467.12,10520.1,1
"1643",2009-12-23,10464.32,10466.44,1
"1644",2009-12-22,10414.67,10464.93,1
"1645",2009-12-21,10330.1,10414.14,1
"1646",2009-12-18,10309.39,10328.89,1
"1647",2009-12-17,10439.99,10308.26,0
"1648",2009-12-16,10449.81,10441.12,0
"1649",2009-12-15,10499.31,10452,0
"1650",2009-12-14,10471.28,10501.05,1
"1651",2009-12-11,10403.41,10471.5,1
"1652",2009-12-10,10336,10405.83,1
"1653",2009-12-09,10282.85,10337.05,1
"1654",2009-12-08,10385.42,10285.97,0
"1655",2009-12-07,10386.86,10390.11,1
"1656",2009-12-04,10368.57,10388.9,1
"1657",2009-12-03,10455.63,10366.15,0
"1658",2009-12-02,10470.44,10452.68,0
"1659",2009-12-01,10343.82,10471.58,1
"1660",2009-11-30,10309.77,10344.84,1
"1661",2009-11-27,10452.23,10309.92,0
"1662",2009-11-25,10432.96,10464.4,1
"1663",2009-11-24,10451.25,10433.71,0
"1664",2009-11-23,10320.13,10450.95,1
"1665",2009-11-20,10327.91,10318.16,0
"1666",2009-11-19,10425.33,10332.44,0
"1667",2009-11-18,10426.27,10426.31,1
"1668",2009-11-17,10404.77,10437.42,1
"1669",2009-11-16,10267.53,10406.96,1
"1670",2009-11-13,10197.85,10270.47,1
"1671",2009-11-12,10289.82,10197.47,0
"1672",2009-11-11,10247.42,10291.26,1
"1673",2009-11-10,10223.01,10246.97,1
"1674",2009-11-09,10020.62,10226.94,1
"1675",2009-11-06,10001.35,10023.42,1
"1676",2009-11-05,9807.8,10005.96,1
"1677",2009-11-04,9767.3,9802.14,1
"1678",2009-11-03,9787.47,9771.91,0
"1679",2009-11-02,9712.13,9789.44,1
"1680",2009-10-30,9961.52,9712.73,0
"1681",2009-10-29,9762.91,9962.58,1
"1682",2009-10-28,9881.11,9762.69,0
"1683",2009-10-27,9868.34,9882.17,1
"1684",2009-10-26,9972.33,9867.96,0
"1685",2009-10-23,10099.9,9972.18,0
"1686",2009-10-22,9946.18,10081.31,1
"1687",2009-10-21,10038.84,9949.36,0
"1688",2009-10-20,10092.42,10041.48,0
"1689",2009-10-19,9996.67,10092.19,1
"1690",2009-10-16,10061.36,9995.91,0
"1691",2009-10-15,10014.88,10062.94,1
"1692",2009-10-14,9873.55,10015.86,1
"1693",2009-10-13,9883.98,9871.06,0
"1694",2009-10-12,9865.24,9885.8,1
"1695",2009-10-09,9786.04,9864.94,1
"1696",2009-10-08,9728.22,9786.87,1
"1697",2009-10-07,9725.69,9725.58,0
"1698",2009-10-06,9601.26,9731.25,1
"1699",2009-10-05,9488.73,9599.75,1
"1700",2009-10-02,9507.62,9487.67,0
"1701",2009-10-01,9711.6,9509.28,0
"1702",2009-09-30,9741.83,9712.28,0
"1703",2009-09-29,9789.74,9742.2,0
"1704",2009-09-28,9663.23,9789.36,1
"1705",2009-09-25,9706.68,9665.19,0
"1706",2009-09-24,9749.99,9707.44,0
"1707",2009-09-23,9830.63,9748.55,0
"1708",2009-09-22,9779.61,9829.87,1
"1709",2009-09-21,9818.61,9778.86,0
"1710",2009-09-18,9784.75,9820.2,1
"1711",2009-09-17,9789.82,9783.92,0
"1712",2009-09-16,9683.71,9791.71,1
"1713",2009-09-15,9626.42,9683.41,1
"1714",2009-09-14,9598.08,9626.8,1
"1715",2009-09-11,9625.44,9605.41,0
"1716",2009-09-10,9546.54,9627.48,1
"1717",2009-09-09,9496.59,9547.22,1
"1718",2009-09-08,9440.13,9497.34,1
"1719",2009-09-04,9345.36,9441.27,1
"1720",2009-09-03,9282.03,9344.61,1
"1721",2009-09-02,9306.21,9280.67,0
"1722",2009-09-01,9492.32,9310.6,0
"1723",2009-08-31,9542.91,9496.28,0
"1724",2009-08-28,9582.74,9544.2,0
"1725",2009-08-27,9541.63,9580.63,1
"1726",2009-08-26,9538.61,9543.52,1
"1727",2009-08-25,9509.21,9539.29,1
"1728",2009-08-24,9506.18,9509.28,1
"1729",2009-08-21,9347.86,9505.96,1
"1730",2009-08-20,9278.55,9350.05,1
"1731",2009-08-19,9208.68,9279.16,1
"1732",2009-08-18,9134.36,9217.94,1
"1733",2009-08-17,9313.85,9135.34,0
"1734",2009-08-14,9398.04,9321.4,0
"1735",2009-08-13,9362.29,9398.19,1
"1736",2009-08-12,9236.06,9361.61,1
"1737",2009-08-11,9334.33,9241.45,0
"1738",2009-08-10,9368.41,9337.95,0
"1739",2009-08-07,9258.45,9370.07,1
"1740",2009-08-06,9277.19,9256.26,0
"1741",2009-08-05,9315.36,9280.97,0
"1742",2009-08-04,9285.05,9320.19,1
"1743",2009-08-03,9173.65,9286.56,1
"1744",2009-07-31,9154.61,9171.61,1
"1745",2009-07-30,9072.84,9154.46,1
"1746",2009-07-29,9092.34,9070.72,0
"1747",2009-07-28,9106.92,9096.72,0
"1748",2009-07-27,9093.09,9108.51,1
"1749",2009-07-24,9066.11,9093.24,1
"1750",2009-07-23,8882.31,9069.29,1
"1751",2009-07-22,8912.39,8881.26,0
"1752",2009-07-21,8848.15,8915.94,1
"1753",2009-07-20,8746.05,8848.15,1
"1754",2009-07-17,8711.89,8743.94,1
"1755",2009-07-16,8612.66,8711.82,1
"1756",2009-07-15,8363.95,8616.21,1
"1757",2009-07-14,8331.37,8359.49,1
"1758",2009-07-13,8146.82,8331.68,1
"1759",2009-07-10,8182.49,8146.52,0
"1760",2009-07-09,8179.01,8183.17,1
"1761",2009-07-08,8157.02,8178.41,1
"1762",2009-07-07,8324.95,8163.6,0
"1763",2009-07-06,8279.3,8324.87,1
"1764",2009-07-02,8503,8280.74,0
"1765",2009-07-01,8447.53,8504.06,1
"1766",2009-06-30,8528.93,8447,0
"1767",2009-06-29,8440.13,8529.38,1
"1768",2009-06-26,8468.54,8438.39,0
"1769",2009-06-25,8299.25,8472.4,1
"1770",2009-06-24,8323.51,8299.86,0
"1771",2009-06-23,8340.44,8322.91,0
"1772",2009-06-22,8538.52,8339.01,0
"1773",2009-06-19,8556.96,8539.73,0
"1774",2009-06-18,8496.73,8555.6,1
"1775",2009-06-17,8504.36,8497.18,0
"1776",2009-06-16,8612.44,8504.67,0
"1777",2009-06-15,8798.5,8612.13,0
"1778",2009-06-12,8770.01,8799.26,1
"1779",2009-06-11,8736.23,8770.92,1
"1780",2009-06-10,8763.66,8739.02,0
"1781",2009-06-09,8764.83,8763.06,0
"1782",2009-06-08,8759.35,8764.49,1
"1783",2009-06-05,8751.75,8763.13,1
"1784",2009-06-04,8665.72,8750.24,1
"1785",2009-06-03,8740.07,8675.28,0
"1786",2009-06-02,8721.6,8740.87,1
"1787",2009-06-01,8501.53,8721.44,1
"1788",2009-05-29,8404.04,8500.33,1
"1789",2009-05-28,8300.5,8403.8,1
"1790",2009-05-27,8473.65,8300.02,0
"1791",2009-05-26,8275.33,8473.49,1
"1792",2009-05-22,8292.21,8277.32,0
"1793",2009-05-21,8416.07,8292.13,0
"1794",2009-05-20,8471.82,8422.04,0
"1795",2009-05-19,8502.48,8474.85,0
"1796",2009-05-18,8270.15,8504.08,1
"1797",2009-05-15,8326.22,8268.64,0
"1798",2009-05-14,8285.92,8331.32,1
"1799",2009-05-13,8461.8,8284.89,0
"1800",2009-05-12,8419.17,8469.11,1
"1801",2009-05-11,8569.23,8418.77,0
"1802",2009-05-08,8410.73,8574.65,1
"1803",2009-05-07,8513.56,8409.85,0
"1804",2009-05-06,8403.48,8512.28,1
"1805",2009-05-05,8425.55,8410.65,0
"1806",2009-05-04,8213.6,8426.74,1
"1807",2009-05-01,8167.41,8212.41,1
"1808",2009-04-30,8188.51,8168.12,0
"1809",2009-04-29,8018.31,8185.73,1
"1810",2009-04-28,8023.56,8016.95,0
"1811",2009-04-27,8073.82,8025,0
"1812",2009-04-24,7957.45,8076.29,1
"1813",2009-04-23,7886.81,7957.06,1
"1814",2009-04-22,7964.78,7886.57,0
"1815",2009-04-21,7841.73,7969.56,1
"1816",2009-04-20,8128.94,7841.73,0
"1817",2009-04-17,8125.43,8131.33,1
"1818",2009-04-16,8029.14,8125.43,1
"1819",2009-04-15,7914.92,8029.62,1
"1820",2009-04-14,8057.41,7920.18,0
"1821",2009-04-13,8082.02,8057.81,0
"1822",2009-04-09,7839.89,8083.38,1
"1823",2009-04-08,7788.68,7837.11,1
"1824",2009-04-07,7968.92,7789.56,0
"1825",2009-04-06,8016.16,7975.85,0
"1826",2009-04-03,7980.63,8017.59,1
"1827",2009-04-02,7763.99,7978.08,1
"1828",2009-04-01,7606.13,7761.6,1
"1829",2009-03-31,7523.77,7608.92,1
"1830",2009-03-30,7773.31,7522.02,0
"1831",2009-03-27,7922.57,7776.18,0
"1832",2009-03-26,7752.36,7924.56,1
"1833",2009-03-25,7659.81,7749.81,1
"1834",2009-03-24,7773.47,7659.97,0
"1835",2009-03-23,7279.25,7775.86,1
"1836",2009-03-20,7402.31,7278.38,0
"1837",2009-03-19,7489.68,7400.8,0
"1838",2009-03-18,7395.7,7486.58,1
"1839",2009-03-17,7218,7395.7,1
"1840",2009-03-16,7225.33,7216.97,0
"1841",2009-03-13,7167.35,7223.98,1
"1842",2009-03-12,6932.39,7170.06,1
"1843",2009-03-11,6923.13,6930.4,1
"1844",2009-03-10,6547.01,6926.49,1
"1845",2009-03-09,6625.74,6547.05,0
"1846",2009-03-06,6595.16,6626.94,1
"1847",2009-03-05,6874.01,6594.44,0
"1848",2009-03-04,6726.5,6875.84,1
"1849",2009-03-03,6764.81,6726.02,0
"1850",2009-03-02,7056.48,6763.29,0
"1851",2009-02-27,7180.97,7062.93,0
"1852",2009-02-26,7269.06,7182.08,0
"1853",2009-02-25,7349.58,7270.89,0
"1854",2009-02-24,7115.34,7350.94,1
"1855",2009-02-23,7365.99,7114.78,0
"1856",2009-02-20,7461.49,7365.67,0
"1857",2009-02-19,7555.23,7465.95,0
"1858",2009-02-18,7546.35,7555.63,1
"1859",2009-02-17,7845.63,7552.6,0
"1860",2009-02-13,7933,7850.41,0
"1861",2009-02-12,7931.97,7932.76,1
"1862",2009-02-11,7887.05,7939.53,1
"1863",2009-02-10,8269.36,7888.88,0
"1864",2009-02-09,8281.38,8270.87,0
"1865",2009-02-06,8056.38,8280.59,1
"1866",2009-02-05,7954.83,8063.07,1
"1867",2009-02-04,8070.32,7956.66,0
"1868",2009-02-03,7936.99,8078.36,1
"1869",2009-02-02,8000.62,7936.83,0
"1870",2009-01-30,8149.01,8000.86,0
"1871",2009-01-29,8373.06,8149.01,0
"1872",2009-01-28,8175.93,8375.45,1
"1873",2009-01-27,8117.39,8174.73,1
"1874",2009-01-26,8078.04,8116.03,1
"1875",2009-01-23,8108.79,8077.56,0
"1876",2009-01-22,8224.43,8122.8,0
"1877",2009-01-21,7949.17,8228.1,1
"1878",2009-01-20,8279.63,7949.09,0
"1879",2009-01-16,8215.67,8281.22,1
"1880",2009-01-15,8196.24,8212.49,1
"1881",2009-01-14,8446.01,8200.14,0
"1882",2009-01-13,8474.61,8448.56,0
"1883",2009-01-12,8599.26,8473.97,0
"1884",2009-01-09,8738.8,8599.18,0
"1885",2009-01-08,8769.94,8742.46,0
"1886",2009-01-07,8996.94,8769.7,0
"1887",2009-01-06,8954.57,9015.1,1
"1888",2009-01-05,9027.13,8952.89,0
"1889",2009-01-02,8772.25,9034.69,1
"1890",2008-12-31,8666.48,8776.39,1
"1891",2008-12-30,8487.51,8668.39,1
"1892",2008-12-29,8515.87,8483.93,0
"1893",2008-12-26,8468.71,8515.55,1
"1894",2008-12-24,8416.86,8468.48,1
"1895",2008-12-23,8518.65,8419.49,0
"1896",2008-12-22,8573.37,8519.77,0
"1897",2008-12-19,8606.5,8579.11,0
"1898",2008-12-18,8823.94,8604.99,0
"1899",2008-12-17,8921.91,8824.34,0
"1900",2008-12-16,8565.65,8924.14,1
"1901",2008-12-15,8628.81,8564.53,0
"1902",2008-12-12,8563.1,8629.68,1
"1903",2008-12-11,8750.13,8565.09,0
"1904",2008-12-10,8693,8761.42,1
"1905",2008-12-09,8934.1,8691.33,0
"1906",2008-12-08,8637.65,8934.18,1
"1907",2008-12-05,8376.08,8635.42,1
"1908",2008-12-04,8587.07,8376.24,0
"1909",2008-12-03,8409.14,8591.69,1
"1910",2008-12-02,8153.75,8419.09,1
"1911",2008-12-01,8826.89,8149.09,0
"1912",2008-11-28,8724.7,8829.04,1
"1913",2008-11-26,8464.49,8726.61,1
"1914",2008-11-25,8445.14,8479.47,1
"1915",2008-11-24,8048.09,8443.39,1
"1916",2008-11-21,7552.37,8046.42,1
"1917",2008-11-20,7995.53,7552.29,0
"1918",2008-11-19,8420.69,7997.28,0
"1919",2008-11-18,8273.34,8424.75,1
"1920",2008-11-17,8494.84,8273.58,0
"1921",2008-11-14,8822.19,8497.31,0
"1922",2008-11-13,8281.14,8835.25,1
"1923",2008-11-12,8684.52,8282.66,0
"1924",2008-11-11,8864.32,8693.96,0
"1925",2008-11-10,8946.6,8870.54,0
"1926",2008-11-07,8696.03,8943.81,1
"1927",2008-11-06,9134.01,8695.79,0
"1928",2008-11-05,9616.6,9139.27,0
"1929",2008-11-04,9323.89,9625.28,1
"1930",2008-11-03,9326.04,9319.83,0
"1931",2008-10-31,9179.09,9325.01,1
"1932",2008-10-30,9004.66,9180.69,1
"1933",2008-10-29,9062.33,8990.96,0
"1934",2008-10-28,8178.72,9065.12,1
"1935",2008-10-27,8375.92,8175.77,0
"1936",2008-10-24,8683.21,8378.95,0
"1937",2008-10-23,8519.77,8691.25,1
"1938",2008-10-22,9027.84,8519.21,0
"1939",2008-10-21,9262.8,9033.66,0
"1940",2008-10-20,8852.3,9265.43,1
"1941",2008-10-17,8975.35,8852.22,0
"1942",2008-10-16,8577.04,8979.26,1
"1943",2008-10-15,9301.91,8577.91,0
"1944",2008-10-14,9388.97,9310.99,0
"1945",2008-10-13,8462.42,9387.61,1
"1946",2008-10-10,8568.67,8451.19,0
"1947",2008-10-09,9261.69,8579.19,0
"1948",2008-10-08,9437.23,9258.1,0
"1949",2008-10-07,9955.42,9447.11,0
"1950",2008-10-06,10322.52,9955.5,0
"1951",2008-10-03,10483.96,10325.38,0
"1952",2008-10-02,10825.54,10482.85,0
"1953",2008-10-01,10847.4,10831.07,0
"1954",2008-09-30,10371.58,10850.66,1
"1955",2008-09-29,11139.62,10365.45,0
"1956",2008-09-26,11019.04,11143.13,1
"1957",2008-09-25,10827.17,11022.06,1
"1958",2008-09-24,10850.02,10825.17,0
"1959",2008-09-23,11015.69,10854.17,0
"1960",2008-09-22,11394.42,11015.69,0
"1961",2008-09-19,11027.51,11388.44,1
"1962",2008-09-18,10609.01,11019.69,1
"1963",2008-09-17,11056.58,10609.66,0
"1964",2008-09-16,10905.62,11059.02,1
"1965",2008-09-15,11416.37,10917.51,0
"1966",2008-09-12,11429.32,11421.99,0
"1967",2008-09-11,11264.44,11433.71,1
"1968",2008-09-10,11233.91,11268.92,1
"1969",2008-09-09,11514.73,11230.73,0
"1970",2008-09-08,11224.87,11510.74,1
"1971",2008-09-05,11185.63,11220.96,1
"1972",2008-09-04,11532.48,11188.23,0
"1973",2008-09-03,11506.01,11532.88,1
"1974",2008-09-02,11545.63,11516.92,0
"1975",2008-08-29,11713.23,11543.55,0
"1976",2008-08-28,11499.87,11715.18,1
"1977",2008-08-27,11412.46,11502.51,1
"1978",2008-08-26,11383.56,11412.87,1
"1979",2008-08-25,11626.19,11386.25,0
"1980",2008-08-22,11426.79,11628.06,1
"1981",2008-08-21,11415.23,11430.21,1
"1982",2008-08-20,11345.94,11417.43,1
"1983",2008-08-19,11478.09,11348.55,0
"1984",2008-08-18,11659.65,11479.39,0
"1985",2008-08-15,11611.21,11659.9,1
"1986",2008-08-14,11532.07,11615.93,1
"1987",2008-08-13,11632.81,11532.96,0
"1988",2008-08-12,11781.7,11642.47,0
"1989",2008-08-11,11729.67,11782.35,1
"1990",2008-08-08,11432.09,11734.32,1
